<?xml version="1.0" encoding="UTF-8"?>

<!--###############################################
This File is auto-generated by the Backup Tool 
you should use the BackupPanel to modify or change this file 
see http://code.google.com/p/openmeetings/wiki/BackupPanel for Details 
###############################################-->
<root>
  <appointments>
    <appointment>
      <appointmentId>1</appointmentId>
      <appointmentName>New Event</appointmentName>
      <appointmentLocation></appointmentLocation>
      <appointmentDescription></appointmentDescription>
      <appointmentStarttime>06.02.2013 19:15:00</appointmentStarttime>
      <appointmentEndtime>06.02.2013 20:15:00</appointmentEndtime>
      <categoryId>1</categoryId>
      <users_id>2</users_id>
      <deleted>false</deleted>
      <comment>null</comment>
      <typId>3</typId>
      <isDaily>false</isDaily>
      <isWeekly>false</isWeekly>
      <isMonthly>false</isMonthly>
      <isYearly>false</isYearly>
      <room_id>9</room_id>
      <icalId>20130207T053901Z-uidGen@192.168.72.116</icalId>
      <language_id>1</language_id>
      <isPasswordProtected>false</isPasswordProtected>
      <password></password>
    </appointment>
  </appointments>
</root>
