<?xml version="1.0" encoding="UTF-8"?>

<!--###############################################
This File is auto-generated by the Backup Tool 
you should use the BackupPanel to modify or change this file 
see http://code.google.com/p/openmeetings/wiki/BackupPanel for Details 
###############################################-->
<root>
  <fileExplorerItems>
    <fileExplorerItem>
      <fileExplorerItemId>1</fileExplorerItemId>
      <fileName>my folder</fileName>
      <fileHash></fileHash>
      <parentFileExplorerItemId>0</parentFileExplorerItemId>
      <room_id>10</room_id>
      <ownerId>2</ownerId>
      <isFolder>true</isFolder>
      <isImage>false</isImage>
      <isPresentation>false</isPresentation>
      <isVideo>null</isVideo>
      <insertedBy>2</insertedBy>
      <inserted>07.02.2013 12:44:18</inserted>
      <updated>07.02.2013 12:44:18</updated>
      <deleted>false</deleted>
      <fileSize>null</fileSize>
      <flvWidth>null</flvWidth>
      <flvHeight>null</flvHeight>
      <previewImage>null</previewImage>
      <wmlFilePath></wmlFilePath>
      <isStoredWmlFile>false</isStoredWmlFile>
      <isChart>false</isChart>
    </fileExplorerItem>
    <fileExplorerItem>
      <fileExplorerItemId>2</fileExplorerItemId>
      <fileName>Mute dialog.jpg</fileName>
      <fileHash>6621aae651e8eb7cc62c03428df9ef22.jpg</fileHash>
      <parentFileExplorerItemId>0</parentFileExplorerItemId>
      <room_id>10</room_id>
      <ownerId>2</ownerId>
      <isFolder>false</isFolder>
      <isImage>true</isImage>
      <isPresentation>false</isPresentation>
      <isVideo>null</isVideo>
      <insertedBy>2</insertedBy>
      <inserted>07.02.2013 12:44:30</inserted>
      <updated>07.02.2013 12:44:30</updated>
      <deleted>false</deleted>
      <fileSize>null</fileSize>
      <flvWidth>null</flvWidth>
      <flvHeight>null</flvHeight>
      <previewImage>null</previewImage>
      <wmlFilePath></wmlFilePath>
      <isStoredWmlFile>false</isStoredWmlFile>
      <isChart>false</isChart>
    </fileExplorerItem>
    <fileExplorerItem>
      <fileExplorerItemId>3</fileExplorerItemId>
      <fileName>My bugs (ASF JIRA).ods</fileName>
      <fileHash>fdd447daec555c4ae024f653ae66c9ec</fileHash>
      <parentFileExplorerItemId>0</parentFileExplorerItemId>
      <room_id>10</room_id>
      <ownerId>2</ownerId>
      <isFolder>false</isFolder>
      <isImage>false</isImage>
      <isPresentation>true</isPresentation>
      <isVideo>null</isVideo>
      <insertedBy>2</insertedBy>
      <inserted>07.02.2013 12:44:42</inserted>
      <updated>07.02.2013 12:44:42</updated>
      <deleted>false</deleted>
      <fileSize>null</fileSize>
      <flvWidth>null</flvWidth>
      <flvHeight>null</flvHeight>
      <previewImage>null</previewImage>
      <wmlFilePath></wmlFilePath>
      <isStoredWmlFile>false</isStoredWmlFile>
      <isChart>false</isChart>
    </fileExplorerItem>
    <fileExplorerItem>
      <fileExplorerItemId>4</fileExplorerItemId>
      <fileName>My bugs (ASF JIRA).xls</fileName>
      <fileHash>67e3af59c6bfaedbf773992bcb9d290a</fileHash>
      <parentFileExplorerItemId>0</parentFileExplorerItemId>
      <room_id>10</room_id>
      <ownerId>2</ownerId>
      <isFolder>false</isFolder>
      <isImage>false</isImage>
      <isPresentation>true</isPresentation>
      <isVideo>null</isVideo>
      <insertedBy>2</insertedBy>
      <inserted>07.02.2013 12:45:09</inserted>
      <updated>07.02.2013 12:45:09</updated>
      <deleted>false</deleted>
      <fileSize>null</fileSize>
      <flvWidth>null</flvWidth>
      <flvHeight>null</flvHeight>
      <previewImage>null</previewImage>
      <wmlFilePath></wmlFilePath>
      <isStoredWmlFile>false</isStoredWmlFile>
      <isChart>false</isChart>
    </fileExplorerItem>
    <fileExplorerItem>
      <fileExplorerItemId>5</fileExplorerItemId>
      <fileName>Установка и настройка Linphone на Android и iOS (8.3).docx</fileName>
      <fileHash>168786c8dffa24506c2c3f3935078529</fileHash>
      <parentFileExplorerItemId>0</parentFileExplorerItemId>
      <room_id>10</room_id>
      <ownerId>null</ownerId>
      <isFolder>false</isFolder>
      <isImage>false</isImage>
      <isPresentation>true</isPresentation>
      <isVideo>null</isVideo>
      <insertedBy>2</insertedBy>
      <inserted>07.02.2013 12:45:27</inserted>
      <updated>07.02.2013 12:45:27</updated>
      <deleted>false</deleted>
      <fileSize>null</fileSize>
      <flvWidth>null</flvWidth>
      <flvHeight>null</flvHeight>
      <previewImage>null</previewImage>
      <wmlFilePath></wmlFilePath>
      <isStoredWmlFile>false</isStoredWmlFile>
      <isChart>false</isChart>
    </fileExplorerItem>
  </fileExplorerItems>
</root>
