<?xml version="1.0" encoding="UTF-8"?>

<!--###############################################
This File is auto-generated by the Backup Tool 
you should use the BackupPanel to modify or change this file 
see http://code.google.com/p/openmeetings/wiki/BackupPanel for Details 
###############################################-->
<root>
  <flvrecordings>
    <flvrecording>
      <alternateDownload>flvRecording_1.avi</alternateDownload>
      <comment></comment>
      <deleted>false</deleted>
      <fileHash>flvRecording_1.flv</fileHash>
      <fileName>Recording 07.02.2013 12:44:00</fileName>
      <flvRecordingId>1</flvRecordingId>
      <previewImage>flvRecording_1.jpg</previewImage>
      <recorderStreamId>null</recorderStreamId>
      <fileSize>null</fileSize>
      <flvHeight>1328</flvHeight>
      <flvWidth>1664</flvWidth>
      <height>1331</height>
      <width>1664</width>
      <insertedBy>2</insertedBy>
      <organization_id>1</organization_id>
      <ownerId>2</ownerId>
      <parentFileExplorerItemId>null</parentFileExplorerItemId>
      <progressPostProcessing>0</progressPostProcessing>
      <room_id>10</room_id>
      <inserted>07.02.2013 12:44:00</inserted>
      <isFolder>false</isFolder>
      <isImage>false</isImage>
      <isInterview>false</isInterview>
      <isPresentation>false</isPresentation>
      <isRecording>true</isRecording>
      <recordEnd>07.02.2013 12:46:50</recordEnd>
      <recordStart>07.02.2013 12:44:00</recordStart>
      <flvrecordingmetadatas>
        <flvrecordingmetadata>
          <flvRecordingMetaDataId>1</flvRecordingMetaDataId>
          <freeTextUserName>Василий Дегтярев</freeTextUserName>
          <fullWavAudioData>null</fullWavAudioData>
          <streamName>rec_1_stream_0_07_02_2013_12_44_00</streamName>
          <wavAudioData>rec_1_stream_0_07_02_2013_12_44_00_WAVE.wav</wavAudioData>
          <initialGapSeconds>null</initialGapSeconds>
          <insertedBy>null</insertedBy>
          <interiewPodId>null</interiewPodId>
          <audioIsValid>false</audioIsValid>
          <inserted>07.02.2013 12:44:00</inserted>
          <isAudioOnly>false</isAudioOnly>
          <isScreenData>false</isScreenData>
          <isVideoOnly>false</isVideoOnly>
          <recordEnd>07.02.2013 12:46:50</recordEnd>
          <recordStart>07.02.2013 12:44:00</recordStart>
          <updated>null</updated>
        </flvrecordingmetadata>
        <flvrecordingmetadata>
          <flvRecordingMetaDataId>2</flvRecordingMetaDataId>
          <freeTextUserName>Василий Дегтярев</freeTextUserName>
          <fullWavAudioData>rec_1_stream_8b9a811b4001a5acdf5ea5c76b7622bd_07_02_2013_12_44_00_FINAL_WAVE.wav</fullWavAudioData>
          <streamName>rec_1_stream_8b9a811b4001a5acdf5ea5c76b7622bd_07_02_2013_12_44_00</streamName>
          <wavAudioData>null</wavAudioData>
          <initialGapSeconds>1781</initialGapSeconds>
          <insertedBy>null</insertedBy>
          <interiewPodId>null</interiewPodId>
          <audioIsValid>null</audioIsValid>
          <inserted>07.02.2013 12:44:01</inserted>
          <isAudioOnly>false</isAudioOnly>
          <isScreenData>true</isScreenData>
          <isVideoOnly>false</isVideoOnly>
          <recordEnd>07.02.2013 12:46:50</recordEnd>
          <recordStart>07.02.2013 12:44:00</recordStart>
          <updated>null</updated>
        </flvrecordingmetadata>
      </flvrecordingmetadatas>
    </flvrecording>
  </flvrecordings>
</root>
