<?xml version="1.0" encoding="UTF-8"?>

<!--###############################################
This File is auto-generated by the Backup Tool 
you should use the BackupPanel to modify or change this file 
see http://code.google.com/p/openmeetings/wiki/BackupPanel for Details 
###############################################-->
<root>
  <meetingmembers>
    <meetingmember>
      <meetingMemberId>1</meetingMemberId>
      <userid>2</userid>
      <appointment>1</appointment>
      <firstname>Василий</firstname>
      <lastname>Дегтярев</lastname>
      <memberStatus></memberStatus>
      <appointmentStatus></appointmentStatus>
      <email>user3@server3.com</email>
      <deleted>false</deleted>
      <comment>null</comment>
      <invitor>true</invitor>
    </meetingmember>
    <meetingmember>
      <meetingMemberId>2</meetingMemberId>
      <userid>1</userid>
      <appointment>1</appointment>
      <firstname>firstname</firstname>
      <lastname>lastname</lastname>
      <memberStatus>0</memberStatus>
      <appointmentStatus>0</appointmentStatus>
      <email>user4@server4.ru</email>
      <deleted>false</deleted>
      <comment>null</comment>
      <invitor>false</invitor>
    </meetingmember>
  </meetingmembers>
</root>
