<?xml version="1.0" encoding="UTF-8"?>

<!--###############################################
This File is auto-generated by the Backup Tool 
you should use the BackupPanel to modify or change this file 
see http://code.google.com/p/openmeetings/wiki/BackupPanel for Details 
###############################################-->
<root>
  <organisations>
    <organisation>
      <name>Unipro</name>
      <organisation_id>1</organisation_id>
      <deleted>false</deleted>
    </organisation>
    <organisation>
      <name>Test</name>
      <organisation_id>2</organisation_id>
      <deleted>false</deleted>
    </organisation>
  </organisations>
</root>
