<?xml version="1.0" encoding="UTF-8"?>

<!--###############################################
This File is auto-generated by the Backup Tool 
you should use the BackupPanel to modify or change this file 
see http://code.google.com/p/openmeetings/wiki/BackupPanel for Details 
###############################################-->
<root>
  <usercontacts>
    <usercontact>
      <userContactId>1</userContactId>
      <hash>c03030db2b8161d0666db7cb7d921258</hash>
      <contact>2</contact>
      <owner>1</owner>
      <pending>false</pending>
      <shareCalendar>null</shareCalendar>
    </usercontact>
    <usercontact>
      <userContactId>2</userContactId>
      <hash></hash>
      <contact>1</contact>
      <owner>2</owner>
      <pending>false</pending>
      <shareCalendar>null</shareCalendar>
    </usercontact>
  </usercontacts>
</root>
