<?xml version="1.0" encoding="UTF-8"?>

<!--###############################################
This File is auto-generated by the Backup Tool 
you should use the BackupPanel to modify or change this file 
see http://code.google.com/p/openmeetings/wiki/BackupPanel for Details 
###############################################-->
<root>
  <room_organisations>
    <room_organisation>
      <rooms_organisation_id>1</rooms_organisation_id>
      <organisation_id>1</organisation_id>
      <rooms_id>6</rooms_id>
      <deleted>false</deleted>
    </room_organisation>
    <room_organisation>
      <rooms_organisation_id>2</rooms_organisation_id>
      <organisation_id>1</organisation_id>
      <rooms_id>8</rooms_id>
      <deleted>false</deleted>
    </room_organisation>
    <room_organisation>
      <rooms_organisation_id>3</rooms_organisation_id>
      <organisation_id>1</organisation_id>
      <rooms_id>9</rooms_id>
      <deleted>false</deleted>
    </room_organisation>
  </room_organisations>
</root>
