<?xml version="1.0" encoding="UTF-8"?>

<!--###############################################
This File is auto-generated by the Backup Tool 
you should use the BackupPanel to modify or change this file 
see http://code.google.com/p/openmeetings/wiki/BackupPanel for Details 
###############################################-->
<root>
  <flvrecordings>
    <flvrecording>
      <alternateDownload>flvRecording_1.avi</alternateDownload>
      <comment></comment>
      <deleted>false</deleted>
      <fileHash>flvRecording_1.flv</fileHash>
      <fileName>Recording 13.02.2013 11:45:12</fileName>
      <flvRecordingId>1</flvRecordingId>
      <previewImage>flvRecording_1.jpg</previewImage>
      <recorderStreamId>null</recorderStreamId>
      <fileSize>null</fileSize>
      <flvHeight>544</flvHeight>
      <flvWidth>688</flvWidth>
      <height>558</height>
      <width>692</width>
      <insertedBy>1</insertedBy>
      <organization_id>1</organization_id>
      <ownerId>1</ownerId>
      <parentFileExplorerItemId>null</parentFileExplorerItemId>
      <progressPostProcessing>0</progressPostProcessing>
      <room_id>2</room_id>
      <inserted>13.02.2013 11:45:12</inserted>
      <isFolder>false</isFolder>
      <isImage>false</isImage>
      <isInterview>false</isInterview>
      <isPresentation>false</isPresentation>
      <isRecording>true</isRecording>
      <recordEnd>13.02.2013 11:45:22</recordEnd>
      <recordStart>13.02.2013 11:45:12</recordStart>
      <flvrecordingmetadatas>
        <flvrecordingmetadata>
          <flvRecordingMetaDataId>1</flvRecordingMetaDataId>
          <freeTextUserName>firstname lastname</freeTextUserName>
          <fullWavAudioData>null</fullWavAudioData>
          <streamName>rec_1_stream_0_13_02_2013_11_45_12</streamName>
          <wavAudioData>rec_1_stream_0_13_02_2013_11_45_12_WAVE.wav</wavAudioData>
          <initialGapSeconds>null</initialGapSeconds>
          <insertedBy>null</insertedBy>
          <interiewPodId>null</interiewPodId>
          <audioIsValid>false</audioIsValid>
          <inserted>13.02.2013 11:45:12</inserted>
          <isAudioOnly>false</isAudioOnly>
          <isScreenData>false</isScreenData>
          <isVideoOnly>false</isVideoOnly>
          <recordEnd>13.02.2013 11:45:22</recordEnd>
          <recordStart>13.02.2013 11:45:12</recordStart>
          <updated>null</updated>
        </flvrecordingmetadata>
        <flvrecordingmetadata>
          <flvRecordingMetaDataId>2</flvRecordingMetaDataId>
          <freeTextUserName>firstname lastname</freeTextUserName>
          <fullWavAudioData>rec_1_stream_e538406312ed623c6a84a89e5382e181_13_02_2013_11_45_12_FINAL_WAVE.wav</fullWavAudioData>
          <streamName>rec_1_stream_e538406312ed623c6a84a89e5382e181_13_02_2013_11_45_12</streamName>
          <wavAudioData>null</wavAudioData>
          <initialGapSeconds>157</initialGapSeconds>
          <insertedBy>null</insertedBy>
          <interiewPodId>null</interiewPodId>
          <audioIsValid>null</audioIsValid>
          <inserted>13.02.2013 11:45:12</inserted>
          <isAudioOnly>false</isAudioOnly>
          <isScreenData>true</isScreenData>
          <isVideoOnly>false</isVideoOnly>
          <recordEnd>13.02.2013 11:45:22</recordEnd>
          <recordStart>13.02.2013 11:45:12</recordStart>
          <updated>null</updated>
        </flvrecordingmetadata>
      </flvrecordingmetadatas>
    </flvrecording>
    <flvrecording>
      <alternateDownload>flvRecording_2.avi</alternateDownload>
      <comment></comment>
      <deleted>false</deleted>
      <fileHash>flvRecording_2.flv</fileHash>
      <fileName>Recording 13.02.2013 11:50:49</fileName>
      <flvRecordingId>2</flvRecordingId>
      <previewImage>flvRecording_2.jpg</previewImage>
      <recorderStreamId>null</recorderStreamId>
      <fileSize>null</fileSize>
      <flvHeight>544</flvHeight>
      <flvWidth>688</flvWidth>
      <height>558</height>
      <width>692</width>
      <insertedBy>1</insertedBy>
      <organization_id>1</organization_id>
      <ownerId>1</ownerId>
      <parentFileExplorerItemId>null</parentFileExplorerItemId>
      <progressPostProcessing>0</progressPostProcessing>
      <room_id>2</room_id>
      <inserted>13.02.2013 11:50:49</inserted>
      <isFolder>false</isFolder>
      <isImage>false</isImage>
      <isInterview>false</isInterview>
      <isPresentation>false</isPresentation>
      <isRecording>true</isRecording>
      <recordEnd>13.02.2013 11:51:00</recordEnd>
      <recordStart>13.02.2013 11:50:49</recordStart>
      <flvrecordingmetadatas>
        <flvrecordingmetadata>
          <flvRecordingMetaDataId>3</flvRecordingMetaDataId>
          <freeTextUserName>firstname lastname</freeTextUserName>
          <fullWavAudioData>null</fullWavAudioData>
          <streamName>rec_2_stream_0_13_02_2013_11_50_49</streamName>
          <wavAudioData>rec_2_stream_0_13_02_2013_11_50_49_WAVE.wav</wavAudioData>
          <initialGapSeconds>null</initialGapSeconds>
          <insertedBy>null</insertedBy>
          <interiewPodId>null</interiewPodId>
          <audioIsValid>false</audioIsValid>
          <inserted>13.02.2013 11:50:49</inserted>
          <isAudioOnly>false</isAudioOnly>
          <isScreenData>false</isScreenData>
          <isVideoOnly>false</isVideoOnly>
          <recordEnd>13.02.2013 11:51:00</recordEnd>
          <recordStart>13.02.2013 11:50:49</recordStart>
          <updated>null</updated>
        </flvrecordingmetadata>
        <flvrecordingmetadata>
          <flvRecordingMetaDataId>4</flvRecordingMetaDataId>
          <freeTextUserName>firstname lastname</freeTextUserName>
          <fullWavAudioData>rec_2_stream_e538406312ed623c6a84a89e5382e181_13_02_2013_11_50_49_FINAL_WAVE.wav</fullWavAudioData>
          <streamName>rec_2_stream_e538406312ed623c6a84a89e5382e181_13_02_2013_11_50_49</streamName>
          <wavAudioData>null</wavAudioData>
          <initialGapSeconds>77</initialGapSeconds>
          <insertedBy>null</insertedBy>
          <interiewPodId>null</interiewPodId>
          <audioIsValid>null</audioIsValid>
          <inserted>13.02.2013 11:50:49</inserted>
          <isAudioOnly>false</isAudioOnly>
          <isScreenData>true</isScreenData>
          <isVideoOnly>false</isVideoOnly>
          <recordEnd>13.02.2013 11:51:00</recordEnd>
          <recordStart>13.02.2013 11:50:49</recordStart>
          <updated>null</updated>
        </flvrecordingmetadata>
      </flvrecordingmetadatas>
    </flvrecording>
    <flvrecording>
      <alternateDownload>null</alternateDownload>
      <comment></comment>
      <deleted>false</deleted>
      <fileHash></fileHash>
      <fileName>Interview 13.02.2013 12:32:33</fileName>
      <flvRecordingId>3</flvRecordingId>
      <previewImage>null</previewImage>
      <recorderStreamId>null</recorderStreamId>
      <fileSize>null</fileSize>
      <flvHeight>null</flvHeight>
      <flvWidth>null</flvWidth>
      <height>0</height>
      <width>0</width>
      <insertedBy>2</insertedBy>
      <organization_id>1</organization_id>
      <ownerId>2</ownerId>
      <parentFileExplorerItemId>null</parentFileExplorerItemId>
      <progressPostProcessing>0</progressPostProcessing>
      <room_id>1</room_id>
      <inserted>13.02.2013 12:32:33</inserted>
      <isFolder>false</isFolder>
      <isImage>false</isImage>
      <isInterview>true</isInterview>
      <isPresentation>false</isPresentation>
      <isRecording>true</isRecording>
      <recordEnd>13.02.2013 12:35:12</recordEnd>
      <recordStart>13.02.2013 12:32:33</recordStart>
      <flvrecordingmetadatas>
        <flvrecordingmetadata>
          <flvRecordingMetaDataId>5</flvRecordingMetaDataId>
          <freeTextUserName>firstname lastname</freeTextUserName>
          <fullWavAudioData>null</fullWavAudioData>
          <streamName>rec_3_stream_1_13_02_2013_12_32_33</streamName>
          <wavAudioData>rec_3_stream_1_13_02_2013_12_32_33_WAVE.wav</wavAudioData>
          <initialGapSeconds>34</initialGapSeconds>
          <insertedBy>null</insertedBy>
          <interiewPodId>1</interiewPodId>
          <audioIsValid>false</audioIsValid>
          <inserted>13.02.2013 12:32:33</inserted>
          <isAudioOnly>false</isAudioOnly>
          <isScreenData>false</isScreenData>
          <isVideoOnly>false</isVideoOnly>
          <recordEnd>null</recordEnd>
          <recordStart>13.02.2013 12:32:33</recordStart>
          <updated>null</updated>
        </flvrecordingmetadata>
        <flvrecordingmetadata>
          <flvRecordingMetaDataId>7</flvRecordingMetaDataId>
          <freeTextUserName>firstname lastname</freeTextUserName>
          <fullWavAudioData>null</fullWavAudioData>
          <streamName>rec_3_stream_2_13_02_2013_12_34_11</streamName>
          <wavAudioData>rec_3_stream_2_13_02_2013_12_34_11_WAVE.wav</wavAudioData>
          <initialGapSeconds>1</initialGapSeconds>
          <insertedBy>null</insertedBy>
          <interiewPodId>2</interiewPodId>
          <audioIsValid>false</audioIsValid>
          <inserted>13.02.2013 12:34:11</inserted>
          <isAudioOnly>false</isAudioOnly>
          <isScreenData>false</isScreenData>
          <isVideoOnly>false</isVideoOnly>
          <recordEnd>13.02.2013 12:35:12</recordEnd>
          <recordStart>13.02.2013 12:34:11</recordStart>
          <updated>null</updated>
        </flvrecordingmetadata>
        <flvrecordingmetadata>
          <flvRecordingMetaDataId>9</flvRecordingMetaDataId>
          <freeTextUserName>Vova Pupkin</freeTextUserName>
          <fullWavAudioData>null</fullWavAudioData>
          <streamName>rec_3_stream_3_13_02_2013_12_34_18</streamName>
          <wavAudioData>rec_3_stream_3_13_02_2013_12_34_18_WAVE.wav</wavAudioData>
          <initialGapSeconds>1616</initialGapSeconds>
          <insertedBy>null</insertedBy>
          <interiewPodId>2</interiewPodId>
          <audioIsValid>false</audioIsValid>
          <inserted>13.02.2013 12:34:18</inserted>
          <isAudioOnly>false</isAudioOnly>
          <isScreenData>false</isScreenData>
          <isVideoOnly>false</isVideoOnly>
          <recordEnd>13.02.2013 12:34:32</recordEnd>
          <recordStart>13.02.2013 12:34:18</recordStart>
          <updated>null</updated>
        </flvrecordingmetadata>
        <flvrecordingmetadata>
          <flvRecordingMetaDataId>11</flvRecordingMetaDataId>
          <freeTextUserName>Vova Pupkin</freeTextUserName>
          <fullWavAudioData>null</fullWavAudioData>
          <streamName>rec_3_stream_4_13_02_2013_12_34_33</streamName>
          <wavAudioData>rec_3_stream_4_13_02_2013_12_34_33_WAVE.wav</wavAudioData>
          <initialGapSeconds>14</initialGapSeconds>
          <insertedBy>null</insertedBy>
          <interiewPodId>2</interiewPodId>
          <audioIsValid>false</audioIsValid>
          <inserted>13.02.2013 12:34:33</inserted>
          <isAudioOnly>false</isAudioOnly>
          <isScreenData>false</isScreenData>
          <isVideoOnly>false</isVideoOnly>
          <recordEnd>13.02.2013 12:35:12</recordEnd>
          <recordStart>13.02.2013 12:34:33</recordStart>
          <updated>null</updated>
        </flvrecordingmetadata>
      </flvrecordingmetadatas>
    </flvrecording>
    <flvrecording>
      <alternateDownload>null</alternateDownload>
      <comment></comment>
      <deleted>false</deleted>
      <fileHash></fileHash>
      <fileName>Interview 13.02.2013 12:36:33</fileName>
      <flvRecordingId>4</flvRecordingId>
      <previewImage>null</previewImage>
      <recorderStreamId>null</recorderStreamId>
      <fileSize>null</fileSize>
      <flvHeight>null</flvHeight>
      <flvWidth>null</flvWidth>
      <height>0</height>
      <width>0</width>
      <insertedBy>2</insertedBy>
      <organization_id>1</organization_id>
      <ownerId>2</ownerId>
      <parentFileExplorerItemId>null</parentFileExplorerItemId>
      <progressPostProcessing>30</progressPostProcessing>
      <room_id>1</room_id>
      <inserted>13.02.2013 12:36:33</inserted>
      <isFolder>false</isFolder>
      <isImage>false</isImage>
      <isInterview>true</isInterview>
      <isPresentation>false</isPresentation>
      <isRecording>true</isRecording>
      <recordEnd>13.02.2013 12:37:53</recordEnd>
      <recordStart>13.02.2013 12:36:33</recordStart>
      <flvrecordingmetadatas>
        <flvrecordingmetadata>
          <flvRecordingMetaDataId>12</flvRecordingMetaDataId>
          <freeTextUserName>firstname lastname</freeTextUserName>
          <fullWavAudioData>null</fullWavAudioData>
          <streamName>rec_4_stream_5_13_02_2013_12_36_33</streamName>
          <wavAudioData>rec_4_stream_5_13_02_2013_12_36_33_WAVE.wav</wavAudioData>
          <initialGapSeconds>32</initialGapSeconds>
          <insertedBy>null</insertedBy>
          <interiewPodId>1</interiewPodId>
          <audioIsValid>false</audioIsValid>
          <inserted>13.02.2013 12:36:33</inserted>
          <isAudioOnly>false</isAudioOnly>
          <isScreenData>false</isScreenData>
          <isVideoOnly>false</isVideoOnly>
          <recordEnd>13.02.2013 12:36:54</recordEnd>
          <recordStart>13.02.2013 12:36:33</recordStart>
          <updated>null</updated>
        </flvrecordingmetadata>
        <flvrecordingmetadata>
          <flvRecordingMetaDataId>13</flvRecordingMetaDataId>
          <freeTextUserName>Vova Pupkin</freeTextUserName>
          <fullWavAudioData>null</fullWavAudioData>
          <streamName>rec_4_stream_4_13_02_2013_12_36_33</streamName>
          <wavAudioData>rec_4_stream_4_13_02_2013_12_36_33_WAVE.wav</wavAudioData>
          <initialGapSeconds>2</initialGapSeconds>
          <insertedBy>null</insertedBy>
          <interiewPodId>2</interiewPodId>
          <audioIsValid>false</audioIsValid>
          <inserted>13.02.2013 12:36:33</inserted>
          <isAudioOnly>false</isAudioOnly>
          <isScreenData>false</isScreenData>
          <isVideoOnly>false</isVideoOnly>
          <recordEnd>13.02.2013 12:37:53</recordEnd>
          <recordStart>13.02.2013 12:36:33</recordStart>
          <updated>null</updated>
        </flvrecordingmetadata>
        <flvrecordingmetadata>
          <flvRecordingMetaDataId>14</flvRecordingMetaDataId>
          <freeTextUserName>firstname lastname</freeTextUserName>
          <fullWavAudioData>null</fullWavAudioData>
          <streamName>rec_4_stream_6_13_02_2013_12_37_15</streamName>
          <wavAudioData>rec_4_stream_6_13_02_2013_12_37_15_WAVE.wav</wavAudioData>
          <initialGapSeconds>4190</initialGapSeconds>
          <insertedBy>null</insertedBy>
          <interiewPodId>1</interiewPodId>
          <audioIsValid>false</audioIsValid>
          <inserted>13.02.2013 12:37:15</inserted>
          <isAudioOnly>false</isAudioOnly>
          <isScreenData>false</isScreenData>
          <isVideoOnly>false</isVideoOnly>
          <recordEnd>13.02.2013 12:37:53</recordEnd>
          <recordStart>13.02.2013 12:37:15</recordStart>
          <updated>null</updated>
        </flvrecordingmetadata>
      </flvrecordingmetadatas>
    </flvrecording>
    <flvrecording>
      <alternateDownload>flvRecording_5.avi</alternateDownload>
      <comment></comment>
      <deleted>false</deleted>
      <fileHash>flvRecording_5.flv</fileHash>
      <fileName>Interview 13.02.2013 12:37:56</fileName>
      <flvRecordingId>5</flvRecordingId>
      <previewImage>flvRecording_5.jpg</previewImage>
      <recorderStreamId>null</recorderStreamId>
      <fileSize>null</fileSize>
      <flvHeight>240</flvHeight>
      <flvWidth>640</flvWidth>
      <height>0</height>
      <width>0</width>
      <insertedBy>1</insertedBy>
      <organization_id>1</organization_id>
      <ownerId>1</ownerId>
      <parentFileExplorerItemId>null</parentFileExplorerItemId>
      <progressPostProcessing>0</progressPostProcessing>
      <room_id>1</room_id>
      <inserted>13.02.2013 12:37:56</inserted>
      <isFolder>false</isFolder>
      <isImage>false</isImage>
      <isInterview>true</isInterview>
      <isPresentation>false</isPresentation>
      <isRecording>true</isRecording>
      <recordEnd>13.02.2013 12:38:14</recordEnd>
      <recordStart>13.02.2013 12:37:56</recordStart>
      <flvrecordingmetadatas>
        <flvrecordingmetadata>
          <flvRecordingMetaDataId>15</flvRecordingMetaDataId>
          <freeTextUserName>Vova Pupkin</freeTextUserName>
          <fullWavAudioData>null</fullWavAudioData>
          <streamName>rec_5_stream_4_13_02_2013_12_37_56</streamName>
          <wavAudioData>rec_5_stream_4_13_02_2013_12_37_56_WAVE.wav</wavAudioData>
          <initialGapSeconds>88</initialGapSeconds>
          <insertedBy>null</insertedBy>
          <interiewPodId>2</interiewPodId>
          <audioIsValid>false</audioIsValid>
          <inserted>13.02.2013 12:37:56</inserted>
          <isAudioOnly>false</isAudioOnly>
          <isScreenData>false</isScreenData>
          <isVideoOnly>false</isVideoOnly>
          <recordEnd>13.02.2013 12:38:14</recordEnd>
          <recordStart>13.02.2013 12:37:56</recordStart>
          <updated>null</updated>
        </flvrecordingmetadata>
        <flvrecordingmetadata>
          <flvRecordingMetaDataId>16</flvRecordingMetaDataId>
          <freeTextUserName>firstname lastname</freeTextUserName>
          <fullWavAudioData>null</fullWavAudioData>
          <streamName>rec_5_stream_6_13_02_2013_12_37_56</streamName>
          <wavAudioData>rec_5_stream_6_13_02_2013_12_37_56_WAVE.wav</wavAudioData>
          <initialGapSeconds>2</initialGapSeconds>
          <insertedBy>null</insertedBy>
          <interiewPodId>1</interiewPodId>
          <audioIsValid>false</audioIsValid>
          <inserted>13.02.2013 12:37:56</inserted>
          <isAudioOnly>false</isAudioOnly>
          <isScreenData>false</isScreenData>
          <isVideoOnly>false</isVideoOnly>
          <recordEnd>13.02.2013 12:38:14</recordEnd>
          <recordStart>13.02.2013 12:37:56</recordStart>
          <updated>null</updated>
        </flvrecordingmetadata>
      </flvrecordingmetadatas>
    </flvrecording>
    <flvrecording>
      <alternateDownload>flvRecording_6.avi</alternateDownload>
      <comment></comment>
      <deleted>false</deleted>
      <fileHash>flvRecording_6.flv</fileHash>
      <fileName>Interview 13.02.2013 12:43:41</fileName>
      <flvRecordingId>6</flvRecordingId>
      <previewImage>flvRecording_6.jpg</previewImage>
      <recorderStreamId>null</recorderStreamId>
      <fileSize>null</fileSize>
      <flvHeight>240</flvHeight>
      <flvWidth>640</flvWidth>
      <height>0</height>
      <width>0</width>
      <insertedBy>1</insertedBy>
      <organization_id>1</organization_id>
      <ownerId>1</ownerId>
      <parentFileExplorerItemId>null</parentFileExplorerItemId>
      <progressPostProcessing>0</progressPostProcessing>
      <room_id>1</room_id>
      <inserted>13.02.2013 12:43:41</inserted>
      <isFolder>false</isFolder>
      <isImage>false</isImage>
      <isInterview>true</isInterview>
      <isPresentation>false</isPresentation>
      <isRecording>true</isRecording>
      <recordEnd>13.02.2013 12:43:50</recordEnd>
      <recordStart>13.02.2013 12:43:41</recordStart>
      <flvrecordingmetadatas>
        <flvrecordingmetadata>
          <flvRecordingMetaDataId>17</flvRecordingMetaDataId>
          <freeTextUserName>firstname lastname</freeTextUserName>
          <fullWavAudioData>null</fullWavAudioData>
          <streamName>rec_6_stream_0_13_02_2013_12_43_41</streamName>
          <wavAudioData>rec_6_stream_0_13_02_2013_12_43_41_WAVE.wav</wavAudioData>
          <initialGapSeconds>4</initialGapSeconds>
          <insertedBy>null</insertedBy>
          <interiewPodId>1</interiewPodId>
          <audioIsValid>false</audioIsValid>
          <inserted>13.02.2013 12:43:41</inserted>
          <isAudioOnly>false</isAudioOnly>
          <isScreenData>false</isScreenData>
          <isVideoOnly>false</isVideoOnly>
          <recordEnd>13.02.2013 12:43:50</recordEnd>
          <recordStart>13.02.2013 12:43:41</recordStart>
          <updated>null</updated>
        </flvrecordingmetadata>
      </flvrecordingmetadatas>
    </flvrecording>
    <flvrecording>
      <alternateDownload>flvRecording_7.avi</alternateDownload>
      <comment></comment>
      <deleted>false</deleted>
      <fileHash>flvRecording_7.flv</fileHash>
      <fileName>Recording 13.02.2013 12:52:10</fileName>
      <flvRecordingId>7</flvRecordingId>
      <previewImage>flvRecording_7.jpg</previewImage>
      <recorderStreamId>null</recorderStreamId>
      <fileSize>null</fileSize>
      <flvHeight>1328</flvHeight>
      <flvWidth>1664</flvWidth>
      <height>1331</height>
      <width>1664</width>
      <insertedBy>1</insertedBy>
      <organization_id>1</organization_id>
      <ownerId>1</ownerId>
      <parentFileExplorerItemId>null</parentFileExplorerItemId>
      <progressPostProcessing>0</progressPostProcessing>
      <room_id>2</room_id>
      <inserted>13.02.2013 12:52:10</inserted>
      <isFolder>false</isFolder>
      <isImage>false</isImage>
      <isInterview>false</isInterview>
      <isPresentation>false</isPresentation>
      <isRecording>true</isRecording>
      <recordEnd>13.02.2013 12:56:41</recordEnd>
      <recordStart>13.02.2013 12:52:10</recordStart>
      <flvrecordingmetadatas>
        <flvrecordingmetadata>
          <flvRecordingMetaDataId>18</flvRecordingMetaDataId>
          <freeTextUserName>firstname lastname</freeTextUserName>
          <fullWavAudioData>null</fullWavAudioData>
          <streamName>rec_7_stream_1_13_02_2013_12_52_10</streamName>
          <wavAudioData>rec_7_stream_1_13_02_2013_12_52_10_WAVE.wav</wavAudioData>
          <initialGapSeconds>null</initialGapSeconds>
          <insertedBy>null</insertedBy>
          <interiewPodId>null</interiewPodId>
          <audioIsValid>false</audioIsValid>
          <inserted>13.02.2013 12:52:10</inserted>
          <isAudioOnly>false</isAudioOnly>
          <isScreenData>false</isScreenData>
          <isVideoOnly>false</isVideoOnly>
          <recordEnd>13.02.2013 12:56:41</recordEnd>
          <recordStart>13.02.2013 12:52:10</recordStart>
          <updated>null</updated>
        </flvrecordingmetadata>
        <flvrecordingmetadata>
          <flvRecordingMetaDataId>19</flvRecordingMetaDataId>
          <freeTextUserName>Vova Pupkin</freeTextUserName>
          <fullWavAudioData>null</fullWavAudioData>
          <streamName>rec_7_stream_2_13_02_2013_12_52_10</streamName>
          <wavAudioData>rec_7_stream_2_13_02_2013_12_52_10_WAVE.wav</wavAudioData>
          <initialGapSeconds>null</initialGapSeconds>
          <insertedBy>null</insertedBy>
          <interiewPodId>null</interiewPodId>
          <audioIsValid>false</audioIsValid>
          <inserted>13.02.2013 12:52:10</inserted>
          <isAudioOnly>false</isAudioOnly>
          <isScreenData>false</isScreenData>
          <isVideoOnly>false</isVideoOnly>
          <recordEnd>13.02.2013 12:56:41</recordEnd>
          <recordStart>13.02.2013 12:52:10</recordStart>
          <updated>null</updated>
        </flvrecordingmetadata>
        <flvrecordingmetadata>
          <flvRecordingMetaDataId>20</flvRecordingMetaDataId>
          <freeTextUserName>firstname lastname</freeTextUserName>
          <fullWavAudioData>rec_7_stream_cc1c7aebbc7bb134c4384fa20bc7e570_13_02_2013_12_52_10_FINAL_WAVE.wav</fullWavAudioData>
          <streamName>rec_7_stream_cc1c7aebbc7bb134c4384fa20bc7e570_13_02_2013_12_52_10</streamName>
          <wavAudioData>null</wavAudioData>
          <initialGapSeconds>1508</initialGapSeconds>
          <insertedBy>null</insertedBy>
          <interiewPodId>null</interiewPodId>
          <audioIsValid>null</audioIsValid>
          <inserted>13.02.2013 12:52:10</inserted>
          <isAudioOnly>false</isAudioOnly>
          <isScreenData>true</isScreenData>
          <isVideoOnly>false</isVideoOnly>
          <recordEnd>13.02.2013 12:56:41</recordEnd>
          <recordStart>13.02.2013 12:52:10</recordStart>
          <updated>null</updated>
        </flvrecordingmetadata>
      </flvrecordingmetadatas>
    </flvrecording>
    <flvrecording>
      <alternateDownload>flvRecording_8.avi</alternateDownload>
      <comment></comment>
      <deleted>false</deleted>
      <fileHash>flvRecording_8.flv</fileHash>
      <fileName>Recording 13.02.2013 12:56:46</fileName>
      <flvRecordingId>8</flvRecordingId>
      <previewImage>flvRecording_8.jpg</previewImage>
      <recorderStreamId>null</recorderStreamId>
      <fileSize>null</fileSize>
      <flvHeight>1328</flvHeight>
      <flvWidth>1664</flvWidth>
      <height>1331</height>
      <width>1664</width>
      <insertedBy>1</insertedBy>
      <organization_id>1</organization_id>
      <ownerId>1</ownerId>
      <parentFileExplorerItemId>null</parentFileExplorerItemId>
      <progressPostProcessing>0</progressPostProcessing>
      <room_id>2</room_id>
      <inserted>13.02.2013 12:56:46</inserted>
      <isFolder>false</isFolder>
      <isImage>false</isImage>
      <isInterview>false</isInterview>
      <isPresentation>false</isPresentation>
      <isRecording>true</isRecording>
      <recordEnd>13.02.2013 12:56:48</recordEnd>
      <recordStart>13.02.2013 12:56:46</recordStart>
      <flvrecordingmetadatas>
        <flvrecordingmetadata>
          <flvRecordingMetaDataId>21</flvRecordingMetaDataId>
          <freeTextUserName>firstname lastname</freeTextUserName>
          <fullWavAudioData>null</fullWavAudioData>
          <streamName>rec_8_stream_1_13_02_2013_12_56_46</streamName>
          <wavAudioData>rec_8_stream_1_13_02_2013_12_56_46_WAVE.wav</wavAudioData>
          <initialGapSeconds>null</initialGapSeconds>
          <insertedBy>null</insertedBy>
          <interiewPodId>null</interiewPodId>
          <audioIsValid>false</audioIsValid>
          <inserted>13.02.2013 12:56:46</inserted>
          <isAudioOnly>false</isAudioOnly>
          <isScreenData>false</isScreenData>
          <isVideoOnly>false</isVideoOnly>
          <recordEnd>13.02.2013 12:56:48</recordEnd>
          <recordStart>13.02.2013 12:56:46</recordStart>
          <updated>null</updated>
        </flvrecordingmetadata>
        <flvrecordingmetadata>
          <flvRecordingMetaDataId>22</flvRecordingMetaDataId>
          <freeTextUserName>Vova Pupkin</freeTextUserName>
          <fullWavAudioData>null</fullWavAudioData>
          <streamName>rec_8_stream_2_13_02_2013_12_56_46</streamName>
          <wavAudioData>rec_8_stream_2_13_02_2013_12_56_46_WAVE.wav</wavAudioData>
          <initialGapSeconds>null</initialGapSeconds>
          <insertedBy>null</insertedBy>
          <interiewPodId>null</interiewPodId>
          <audioIsValid>false</audioIsValid>
          <inserted>13.02.2013 12:56:46</inserted>
          <isAudioOnly>false</isAudioOnly>
          <isScreenData>false</isScreenData>
          <isVideoOnly>false</isVideoOnly>
          <recordEnd>13.02.2013 12:56:48</recordEnd>
          <recordStart>13.02.2013 12:56:46</recordStart>
          <updated>null</updated>
        </flvrecordingmetadata>
        <flvrecordingmetadata>
          <flvRecordingMetaDataId>23</flvRecordingMetaDataId>
          <freeTextUserName>firstname lastname</freeTextUserName>
          <fullWavAudioData>rec_8_stream_cc1c7aebbc7bb134c4384fa20bc7e570_13_02_2013_12_56_46_FINAL_WAVE.wav</fullWavAudioData>
          <streamName>rec_8_stream_cc1c7aebbc7bb134c4384fa20bc7e570_13_02_2013_12_56_46</streamName>
          <wavAudioData>null</wavAudioData>
          <initialGapSeconds>431</initialGapSeconds>
          <insertedBy>null</insertedBy>
          <interiewPodId>null</interiewPodId>
          <audioIsValid>null</audioIsValid>
          <inserted>13.02.2013 12:56:46</inserted>
          <isAudioOnly>false</isAudioOnly>
          <isScreenData>true</isScreenData>
          <isVideoOnly>false</isVideoOnly>
          <recordEnd>13.02.2013 12:56:48</recordEnd>
          <recordStart>13.02.2013 12:56:46</recordStart>
          <updated>null</updated>
        </flvrecordingmetadata>
      </flvrecordingmetadatas>
    </flvrecording>
  </flvrecordings>
</root>
