<?xml version="1.0" encoding="UTF-8"?>

<!--###############################################
This File is auto-generated by the Backup Tool 
you should use the BackupPanel to modify or change this file 
see http://code.google.com/p/openmeetings/wiki/BackupPanel for Details 
###############################################-->
<root>
  <privatemessages>
    <privatemessage>
      <privateMessageId>1</privateMessageId>
      <message>Hi, Vova Pupkin&lt;br/&gt;&lt;br/&gt;firstname lastname would like to add you as contact.&lt;br/&gt;Check your contact requests in OpenMeetings or click on those links to accept or deny the request&lt;br/&gt;</message>
      <subject>firstname lastname would like to add you as contact.</subject>
      <privateMessageFolderId>1</privateMessageFolderId>
      <userContactId>1</userContactId>
      <parentMessage>0</parentMessage>
      <bookedRoom>false</bookedRoom>
      <from>1</from>
      <to>2</to>
      <inserted>13.02.2013 12:20:26</inserted>
      <isContactRequest>true</isContactRequest>
      <isRead>true</isRead>
      <isTrash>false</isTrash>
      <owner>2</owner>
      <room>0</room>
    </privatemessage>
    <privatemessage>
      <privateMessageId>2</privateMessageId>
      <message>Hi, firstname lastname&lt;br/&gt;&lt;br/&gt;Vova Pupkin confirmed you as contact!</message>
      <subject>firstname lastname confirmed you as contact!</subject>
      <privateMessageFolderId>0</privateMessageFolderId>
      <userContactId>0</userContactId>
      <parentMessage>0</parentMessage>
      <bookedRoom>false</bookedRoom>
      <from>2</from>
      <to>1</to>
      <inserted>13.02.2013 12:47:26</inserted>
      <isContactRequest>false</isContactRequest>
      <isRead>false</isRead>
      <isTrash>false</isTrash>
      <owner>1</owner>
      <room>0</room>
    </privatemessage>
    <privatemessage>
      <privateMessageId>3</privateMessageId>
      <message>&lt;P ALIGN="LEFT"&gt;&lt;FONT FACE="Verdana" SIZE="11" COLOR="#336699" LETTERSPACING="0" KERNING="0"&gt;Private message&lt;/FONT&gt;&lt;/P&gt;</message>
      <subject>test om 1.6</subject>
      <privateMessageFolderId>0</privateMessageFolderId>
      <userContactId>0</userContactId>
      <parentMessage>0</parentMessage>
      <bookedRoom>false</bookedRoom>
      <from>2</from>
      <to>1</to>
      <inserted>13.02.2013 12:50:11</inserted>
      <isContactRequest>false</isContactRequest>
      <isRead>false</isRead>
      <isTrash>false</isTrash>
      <owner>2</owner>
      <room>0</room>
    </privatemessage>
    <privatemessage>
      <privateMessageId>4</privateMessageId>
      <message>&lt;P ALIGN="LEFT"&gt;&lt;FONT FACE="Verdana" SIZE="11" COLOR="#336699" LETTERSPACING="0" KERNING="0"&gt;Private message&lt;/FONT&gt;&lt;/P&gt;</message>
      <subject>test om 1.6</subject>
      <privateMessageFolderId>0</privateMessageFolderId>
      <userContactId>0</userContactId>
      <parentMessage>0</parentMessage>
      <bookedRoom>false</bookedRoom>
      <from>2</from>
      <to>1</to>
      <inserted>13.02.2013 12:50:11</inserted>
      <isContactRequest>false</isContactRequest>
      <isRead>false</isRead>
      <isTrash>false</isTrash>
      <owner>1</owner>
      <room>0</room>
    </privatemessage>
  </privatemessages>
</root>
