<?xml version="1.0" encoding="UTF-8"?>
<presentation><originalDocument lastmod="1360735175385" size="22349">Установка_и_настройка_Linphone.docx</originalDocument><pdfDocument lastmod="1360735171352" size="48497">Установка_и_настройка_Linphone.pdf</pdfDocument><swfDocument lastmod="1360735175385" size="22349">Установка_и_настройка_Linphone.swf</swfDocument><thumbs><thumb lastmod="1360735175138" size="2930">_thumb_page-%04d.jpg</thumb></thumbs></presentation>