<?xml version="1.0" encoding="UTF-8"?>

<!--###############################################
This File is auto-generated by the Backup Tool 
you should use the BackupPanel to modify or change this file 
see http://code.google.com/p/openmeetings/wiki/BackupPanel for Details 
###############################################-->
<root>
  <users>
    <user>
      <user_id>1</user_id>
      <deleted>false</deleted>
      <age>13.02.2013</age>
      <availible>1</availible>
      <deleted>false</deleted>
      <firstname>firstname</firstname>
      <lastname>lastname</lastname>
      <login>admin</login>
      <pass>827ccb0eea8a706c4c34a16891f84e7b</pass>
      <pictureuri>Mute_dialog.jpg</pictureuri>
      <language_id></language_id>
      <status>1</status>
      <regdate>13.02.2013 11:33:42</regdate>
      <title_id>1</title_id>
      <level_id>3</level_id>
      <omTimeZone>Etc/GMT+7</omTimeZone>
      <additionalname>no</additionalname>
      <comment></comment>
      <fax>fax</fax>
      <state_id>1</state_id>
      <street>street</street>
      <town>town</town>
      <zip>zip</zip>
      <mail>user1@server1.com</mail>
      <phone>phone</phone>
      <sip_username></sip_username>
      <sip_userpass></sip_userpass>
      <sip_authid></sip_authid>
      <organisations>
        <user_organisation>
          <organisation_id>1</organisation_id>
          <deleted>false</deleted>
          <user_id>1</user_id>
          <isModerator>null</isModerator>
          <comment></comment>
        </user_organisation>
      </organisations>
    </user>
    <user>
      <user_id>2</user_id>
      <deleted>false</deleted>
      <age>13.02.2013</age>
      <availible>0</availible>
      <deleted>false</deleted>
      <firstname>Vova</firstname>
      <lastname>Pupkin</lastname>
      <login>vova</login>
      <pass>827ccb0eea8a706c4c34a16891f84e7b</pass>
      <pictureuri>photo.jpg</pictureuri>
      <language_id></language_id>
      <status>1</status>
      <regdate>13.02.2013 11:57:39</regdate>
      <title_id>1</title_id>
      <level_id>1</level_id>
      <omTimeZone>Etc/GMT+7</omTimeZone>
      <additionalname></additionalname>
      <comment></comment>
      <fax></fax>
      <state_id>176</state_id>
      <street></street>
      <town></town>
      <zip></zip>
      <mail>user2@server2.com</mail>
      <phone></phone>
      <sip_username></sip_username>
      <sip_userpass></sip_userpass>
      <sip_authid></sip_authid>
      <organisations>
        <user_organisation>
          <organisation_id>1</organisation_id>
          <deleted>false</deleted>
          <user_id>2</user_id>
          <isModerator>null</isModerator>
          <comment></comment>
        </user_organisation>
        <user_organisation>
          <organisation_id>2</organisation_id>
          <deleted>false</deleted>
          <user_id>2</user_id>
          <isModerator>null</isModerator>
          <comment></comment>
        </user_organisation>
      </organisations>
    </user>
  </users>
</root>
