<?xml version="1.0" encoding="UTF-8"?>
<!-- ###############################################
This File is auto-generated by the Backup Tool 
you should use the BackupPanel to modify or change this file 
see http://openmeetings.apache.org/Upgrade.html for Details 
###############################################
 --><root>
   <appointments>
      <appointment>
         <appointmentId><![CDATA[1]]></appointmentId>
         <appointmentName><![CDATA[Новое событие]]></appointmentName>
         <appointmentStarttime class="java.util.Date"><![CDATA[1360832400000]]></appointmentStarttime>
         <appointmentEndtime class="java.util.Date"><![CDATA[1360836000000]]></appointmentEndtime>
         <categoryId><![CDATA[1]]></categoryId>
         <users_id><![CDATA[1]]></users_id>
         <inserted class="java.util.Date"><![CDATA[1421649583000]]></inserted>
         <deleted><![CDATA[false]]></deleted>
         <typId><![CDATA[3]]></typId>
         <isDaily><![CDATA[false]]></isDaily>
         <isWeekly><![CDATA[false]]></isWeekly>
         <isMonthly><![CDATA[false]]></isMonthly>
         <isYearly><![CDATA[false]]></isYearly>
         <room_id><![CDATA[11]]></room_id>
         <icalId><![CDATA[20130213T091134Z-uidGen@192.168.72.116]]></icalId>
         <language_id><![CDATA[9]]></language_id>
         <isPasswordProtected><![CDATA[false]]></isPasswordProtected>
      </appointment>
      <appointment>
         <appointmentId><![CDATA[2]]></appointmentId>
         <appointmentName><![CDATA[Новое событие]]></appointmentName>
         <appointmentStarttime class="java.util.Date"><![CDATA[1421650440000]]></appointmentStarttime>
         <appointmentEndtime class="java.util.Date"><![CDATA[1421654040000]]></appointmentEndtime>
         <appointmentDescription><![CDATA[comment]]></appointmentDescription>
         <users_id><![CDATA[2]]></users_id>
         <inserted class="java.util.Date"><![CDATA[1421650490000]]></inserted>
         <deleted><![CDATA[false]]></deleted>
         <typId><![CDATA[3]]></typId>
         <room_id><![CDATA[13]]></room_id>
         <icalId><![CDATA[20150119T065450Z-uidGen@192.168.15.174]]></icalId>
         <isPasswordProtected><![CDATA[true]]></isPasswordProtected>
         <password><![CDATA[12345]]></password>
      </appointment>
   </appointments>
</root>