<?xml version="1.0" encoding="UTF-8"?>
<!-- ###############################################
This File is auto-generated by the Backup Tool 
you should use the BackupPanel to modify or change this file 
see http://openmeetings.apache.org/Upgrade.html for Details 
###############################################
 --><root>
   <fileExplorerItems>
      <fileExplorerItem>
         <fileExplorerItemId><![CDATA[1]]></fileExplorerItemId>
         <fileName><![CDATA[My bugs (ASF JIRA).ods]]></fileName>
         <fileHash><![CDATA[84e93321d02ad442f543a8a022bdb3f9]]></fileHash>
         <parentFileExplorerItemId><![CDATA[0]]></parentFileExplorerItemId>
         <room_id><![CDATA[7]]></room_id>
         <ownerId><![CDATA[1]]></ownerId>
         <isFolder><![CDATA[false]]></isFolder>
         <isImage><![CDATA[false]]></isImage>
         <isPresentation><![CDATA[true]]></isPresentation>
         <isVideo><![CDATA[false]]></isVideo>
         <insertedBy><![CDATA[1]]></insertedBy>
         <inserted class="java.util.Date"><![CDATA[1360238808000]]></inserted>
         <updated class="java.util.Date"><![CDATA[1360238808000]]></updated>
         <deleted><![CDATA[false]]></deleted>
         <fileSize><![CDATA[0]]></fileSize>
         <flvWidth><![CDATA[0]]></flvWidth>
         <flvHeight><![CDATA[0]]></flvHeight>
         <previewImage><![CDATA[null]]></previewImage>
         <isStoredWmlFile><![CDATA[false]]></isStoredWmlFile>
         <isChart><![CDATA[false]]></isChart>
      </fileExplorerItem>
      <fileExplorerItem>
         <fileExplorerItemId><![CDATA[2]]></fileExplorerItemId>
         <fileName><![CDATA[My bugs (ASF JIRA).xls]]></fileName>
         <fileHash><![CDATA[81ceee613615e4a6012dc56dc77b0b6f]]></fileHash>
         <parentFileExplorerItemId><![CDATA[0]]></parentFileExplorerItemId>
         <room_id><![CDATA[7]]></room_id>
         <isFolder><![CDATA[false]]></isFolder>
         <isImage><![CDATA[false]]></isImage>
         <isPresentation><![CDATA[true]]></isPresentation>
         <isVideo><![CDATA[false]]></isVideo>
         <insertedBy><![CDATA[1]]></insertedBy>
         <inserted class="java.util.Date"><![CDATA[1360238854000]]></inserted>
         <updated class="java.util.Date"><![CDATA[1360238854000]]></updated>
         <deleted><![CDATA[false]]></deleted>
         <fileSize><![CDATA[0]]></fileSize>
         <flvWidth><![CDATA[0]]></flvWidth>
         <flvHeight><![CDATA[0]]></flvHeight>
         <previewImage><![CDATA[null]]></previewImage>
         <isStoredWmlFile><![CDATA[false]]></isStoredWmlFile>
         <isChart><![CDATA[false]]></isChart>
      </fileExplorerItem>
      <fileExplorerItem>
         <fileExplorerItemId><![CDATA[3]]></fileExplorerItemId>
         <fileName><![CDATA[test]]></fileName>
         <parentFileExplorerItemId><![CDATA[0]]></parentFileExplorerItemId>
         <room_id><![CDATA[7]]></room_id>
         <isFolder><![CDATA[false]]></isFolder>
         <isImage><![CDATA[false]]></isImage>
         <isPresentation><![CDATA[false]]></isPresentation>
         <isVideo><![CDATA[false]]></isVideo>
         <insertedBy><![CDATA[1]]></insertedBy>
         <inserted class="java.util.Date"><![CDATA[1360238959000]]></inserted>
         <updated class="java.util.Date"><![CDATA[1360238959000]]></updated>
         <deleted><![CDATA[false]]></deleted>
         <fileSize><![CDATA[0]]></fileSize>
         <flvWidth><![CDATA[0]]></flvWidth>
         <flvHeight><![CDATA[0]]></flvHeight>
         <previewImage><![CDATA[null]]></previewImage>
         <wmlFilePath><![CDATA[8f01c84f9bed52478ebee67e8752980b.wml]]></wmlFilePath>
         <isStoredWmlFile><![CDATA[true]]></isStoredWmlFile>
         <isChart><![CDATA[true]]></isChart>
      </fileExplorerItem>
      <fileExplorerItem>
         <fileExplorerItemId><![CDATA[4]]></fileExplorerItemId>
         <fileName><![CDATA[My bugs (ASF JIRA).ods]]></fileName>
         <fileHash><![CDATA[db6139abbf3e4525b3e5cf27f4b13904]]></fileHash>
         <parentFileExplorerItemId><![CDATA[0]]></parentFileExplorerItemId>
         <room_id><![CDATA[7]]></room_id>
         <isFolder><![CDATA[false]]></isFolder>
         <isImage><![CDATA[false]]></isImage>
         <isPresentation><![CDATA[true]]></isPresentation>
         <isVideo><![CDATA[false]]></isVideo>
         <insertedBy><![CDATA[2]]></insertedBy>
         <inserted class="java.util.Date"><![CDATA[1360294021000]]></inserted>
         <updated class="java.util.Date"><![CDATA[1360294021000]]></updated>
         <deleted><![CDATA[false]]></deleted>
         <fileSize><![CDATA[0]]></fileSize>
         <flvWidth><![CDATA[0]]></flvWidth>
         <flvHeight><![CDATA[0]]></flvHeight>
         <previewImage><![CDATA[null]]></previewImage>
         <isStoredWmlFile><![CDATA[false]]></isStoredWmlFile>
         <isChart><![CDATA[false]]></isChart>
      </fileExplorerItem>
      <fileExplorerItem>
         <fileExplorerItemId><![CDATA[5]]></fileExplorerItemId>
         <fileName><![CDATA[my folder]]></fileName>
         <parentFileExplorerItemId><![CDATA[0]]></parentFileExplorerItemId>
         <room_id><![CDATA[7]]></room_id>
         <ownerId><![CDATA[2]]></ownerId>
         <isFolder><![CDATA[true]]></isFolder>
         <isImage><![CDATA[false]]></isImage>
         <isPresentation><![CDATA[false]]></isPresentation>
         <isVideo><![CDATA[false]]></isVideo>
         <insertedBy><![CDATA[2]]></insertedBy>
         <inserted class="java.util.Date"><![CDATA[1360294067000]]></inserted>
         <updated class="java.util.Date"><![CDATA[1360294067000]]></updated>
         <deleted><![CDATA[false]]></deleted>
         <fileSize><![CDATA[0]]></fileSize>
         <flvWidth><![CDATA[0]]></flvWidth>
         <flvHeight><![CDATA[0]]></flvHeight>
         <previewImage><![CDATA[null]]></previewImage>
         <isStoredWmlFile><![CDATA[false]]></isStoredWmlFile>
         <isChart><![CDATA[false]]></isChart>
      </fileExplorerItem>
      <fileExplorerItem>
         <fileExplorerItemId><![CDATA[6]]></fileExplorerItemId>
         <fileName><![CDATA[Установка и настройка Linphone на Android и iOS (8.3).docx]]></fileName>
         <fileHash><![CDATA[416a1df384cc11c49619051be9d77cc2]]></fileHash>
         <parentFileExplorerItemId><![CDATA[5]]></parentFileExplorerItemId>
         <ownerId><![CDATA[2]]></ownerId>
         <isFolder><![CDATA[false]]></isFolder>
         <isImage><![CDATA[false]]></isImage>
         <isPresentation><![CDATA[true]]></isPresentation>
         <isVideo><![CDATA[false]]></isVideo>
         <insertedBy><![CDATA[2]]></insertedBy>
         <inserted class="java.util.Date"><![CDATA[1360294079000]]></inserted>
         <updated class="java.util.Date"><![CDATA[1360294133000]]></updated>
         <deleted><![CDATA[false]]></deleted>
         <fileSize><![CDATA[0]]></fileSize>
         <flvWidth><![CDATA[0]]></flvWidth>
         <flvHeight><![CDATA[0]]></flvHeight>
         <previewImage><![CDATA[null]]></previewImage>
         <isStoredWmlFile><![CDATA[false]]></isStoredWmlFile>
         <isChart><![CDATA[false]]></isChart>
      </fileExplorerItem>
      <fileExplorerItem>
         <fileExplorerItemId><![CDATA[7]]></fileExplorerItemId>
         <fileName><![CDATA[Mute dialog.jpg]]></fileName>
         <fileHash><![CDATA[89b28a7e9437a7d1dc4b46b8044bb2a2.jpg]]></fileHash>
         <parentFileExplorerItemId><![CDATA[5]]></parentFileExplorerItemId>
         <room_id><![CDATA[7]]></room_id>
         <ownerId><![CDATA[2]]></ownerId>
         <isFolder><![CDATA[false]]></isFolder>
         <isImage><![CDATA[true]]></isImage>
         <isPresentation><![CDATA[false]]></isPresentation>
         <isVideo><![CDATA[false]]></isVideo>
         <insertedBy><![CDATA[2]]></insertedBy>
         <inserted class="java.util.Date"><![CDATA[1360294107000]]></inserted>
         <updated class="java.util.Date"><![CDATA[1360294107000]]></updated>
         <deleted><![CDATA[false]]></deleted>
         <fileSize><![CDATA[0]]></fileSize>
         <flvWidth><![CDATA[0]]></flvWidth>
         <flvHeight><![CDATA[0]]></flvHeight>
         <previewImage><![CDATA[null]]></previewImage>
         <isStoredWmlFile><![CDATA[false]]></isStoredWmlFile>
         <isChart><![CDATA[false]]></isChart>
      </fileExplorerItem>
      <fileExplorerItem>
         <fileExplorerItemId><![CDATA[8]]></fileExplorerItemId>
         <fileName><![CDATA[test]]></fileName>
         <parentFileExplorerItemId><![CDATA[0]]></parentFileExplorerItemId>
         <room_id><![CDATA[7]]></room_id>
         <isFolder><![CDATA[false]]></isFolder>
         <isImage><![CDATA[false]]></isImage>
         <isPresentation><![CDATA[false]]></isPresentation>
         <isVideo><![CDATA[false]]></isVideo>
         <insertedBy><![CDATA[2]]></insertedBy>
         <inserted class="java.util.Date"><![CDATA[1360294119000]]></inserted>
         <updated class="java.util.Date"><![CDATA[1360294119000]]></updated>
         <deleted><![CDATA[false]]></deleted>
         <fileSize><![CDATA[0]]></fileSize>
         <flvWidth><![CDATA[0]]></flvWidth>
         <flvHeight><![CDATA[0]]></flvHeight>
         <previewImage><![CDATA[null]]></previewImage>
         <wmlFilePath><![CDATA[2d5c3ffd9f897278bfdeb1ad551cab86.wml]]></wmlFilePath>
         <isStoredWmlFile><![CDATA[true]]></isStoredWmlFile>
         <isChart><![CDATA[true]]></isChart>
      </fileExplorerItem>
      <fileExplorerItem>
         <fileExplorerItemId><![CDATA[9]]></fileExplorerItemId>
         <fileName><![CDATA[EmptyRoomList.png]]></fileName>
         <fileHash><![CDATA[f0eca1335e534b768d67bf0bc2af4861.jpg]]></fileHash>
         <parentFileExplorerItemId><![CDATA[0]]></parentFileExplorerItemId>
         <room_id><![CDATA[2]]></room_id>
         <isFolder><![CDATA[false]]></isFolder>
         <isImage><![CDATA[true]]></isImage>
         <isPresentation><![CDATA[false]]></isPresentation>
         <insertedBy><![CDATA[2]]></insertedBy>
         <inserted class="java.util.Date"><![CDATA[1421652612853]]></inserted>
         <updated class="java.util.Date"><![CDATA[1421652684210]]></updated>
         <deleted><![CDATA[true]]></deleted>
         <wmlFilePath><![CDATA[]]></wmlFilePath>
         <isStoredWmlFile><![CDATA[false]]></isStoredWmlFile>
         <isChart><![CDATA[false]]></isChart>
      </fileExplorerItem>
      <fileExplorerItem>
         <fileExplorerItemId><![CDATA[10]]></fileExplorerItemId>
         <fileName><![CDATA[EmptyRoomList.png]]></fileName>
         <fileHash><![CDATA[9407443171457091da1cc9cb4ea710df.jpg]]></fileHash>
         <parentFileExplorerItemId><![CDATA[0]]></parentFileExplorerItemId>
         <room_id><![CDATA[2]]></room_id>
         <isFolder><![CDATA[false]]></isFolder>
         <isImage><![CDATA[true]]></isImage>
         <isPresentation><![CDATA[false]]></isPresentation>
         <insertedBy><![CDATA[2]]></insertedBy>
         <inserted class="java.util.Date"><![CDATA[1421652652439]]></inserted>
         <updated class="java.util.Date"><![CDATA[1421652652439]]></updated>
         <deleted><![CDATA[false]]></deleted>
         <wmlFilePath><![CDATA[]]></wmlFilePath>
         <isStoredWmlFile><![CDATA[false]]></isStoredWmlFile>
         <isChart><![CDATA[false]]></isChart>
      </fileExplorerItem>
      <fileExplorerItem>
         <fileExplorerItemId><![CDATA[11]]></fileExplorerItemId>
         <fileName><![CDATA[recording2.png]]></fileName>
         <fileHash><![CDATA[a1dd471192e97bafa66809cb6dd26c77.jpg]]></fileHash>
         <parentFileExplorerItemId><![CDATA[0]]></parentFileExplorerItemId>
         <room_id><![CDATA[2]]></room_id>
         <isFolder><![CDATA[false]]></isFolder>
         <isImage><![CDATA[true]]></isImage>
         <isPresentation><![CDATA[false]]></isPresentation>
         <insertedBy><![CDATA[2]]></insertedBy>
         <inserted class="java.util.Date"><![CDATA[1421652696999]]></inserted>
         <updated class="java.util.Date"><![CDATA[1421652696999]]></updated>
         <deleted><![CDATA[false]]></deleted>
         <wmlFilePath><![CDATA[]]></wmlFilePath>
         <isStoredWmlFile><![CDATA[false]]></isStoredWmlFile>
         <isChart><![CDATA[false]]></isChart>
      </fileExplorerItem>
   </fileExplorerItems>
</root>