<?xml version="1.0" encoding="UTF-8"?>
<!-- ###############################################
This File is auto-generated by the Backup Tool 
you should use the BackupPanel to modify or change this file 
see http://openmeetings.apache.org/Upgrade.html for Details 
###############################################
 --><root>
   <flvrecordings>
      <flvrecording>
         <flvRecordingId><![CDATA[1]]></flvRecordingId>
         <fileName><![CDATA[Recording 07.02.2013 19:06:22]]></fileName>
         <alternateDownload><![CDATA[flvRecording_1.avi]]></alternateDownload>
         <fileHash><![CDATA[flvRecording_1.flv]]></fileHash>
         <parentFileExplorerItemId><![CDATA[0]]></parentFileExplorerItemId>
         <room_id><![CDATA[7]]></room_id>
         <ownerId><![CDATA[1]]></ownerId>
         <folder><![CDATA[false]]></folder>
         <isImage><![CDATA[false]]></isImage>
         <isPresentation><![CDATA[false]]></isPresentation>
         <isRecording><![CDATA[true]]></isRecording>
         <recordStart class="java.util.Date"><![CDATA[1360238782000]]></recordStart>
         <recordEnd class="java.util.Date"><![CDATA[1360238962000]]></recordEnd>
         <insertedBy><![CDATA[1]]></insertedBy>
         <inserted class="java.util.Date"><![CDATA[1421649583000]]></inserted>
         <deleted><![CDATA[false]]></deleted>
         <width><![CDATA[1280]]></width>
         <height><![CDATA[1024]]></height>
         <flvWidth><![CDATA[1280]]></flvWidth>
         <flvHeight><![CDATA[1024]]></flvHeight>
         <previewImage><![CDATA[flvRecording_1.jpg]]></previewImage>
         <fileSize><![CDATA[0]]></fileSize>
         <recorderStreamId><![CDATA[null]]></recorderStreamId>
         <organization_id><![CDATA[1]]></organization_id>
         <isInterview><![CDATA[false]]></isInterview>
         <progressPostProcessing><![CDATA[0]]></progressPostProcessing>
         <flvrecordingmetadatas class="org.apache.openjpa.util.java$util$ArrayList$proxy">
            <flvrecordingmetadata>
               <flvRecordingMetaDataId><![CDATA[1]]></flvRecordingMetaDataId>
               <recordStart class="java.util.Date"><![CDATA[1360238783000]]></recordStart>
               <recordEnd class="java.util.Date"><![CDATA[1360238962000]]></recordEnd>
               <streamName><![CDATA[rec_1_stream_2b5a2dc763b1f4ef2c07f729f6f58355_07_02_2013_19_06_22]]></streamName>
               <freeTextUserName><![CDATA[firstname lastname]]></freeTextUserName>
               <isAudioOnly><![CDATA[false]]></isAudioOnly>
               <isVideoOnly><![CDATA[false]]></isVideoOnly>
               <isScreenData><![CDATA[true]]></isScreenData>
               <insertedBy><![CDATA[0]]></insertedBy>
               <inserted class="java.util.Date"><![CDATA[1360238782000]]></inserted>
               <updated class="java.util.Date"><![CDATA[1421649583000]]></updated>
               <wavAudioData><![CDATA[null]]></wavAudioData>
               <fullWavAudioData><![CDATA[null]]></fullWavAudioData>
               <audioIsValid><![CDATA[false]]></audioIsValid>
               <interiewPodId><![CDATA[0]]></interiewPodId>
               <initialGapSeconds><![CDATA[525]]></initialGapSeconds>
            </flvrecordingmetadata>
            <flvrecordingmetadata>
               <flvRecordingMetaDataId><![CDATA[2]]></flvRecordingMetaDataId>
               <recordStart class="java.util.Date"><![CDATA[1360238782000]]></recordStart>
               <recordEnd class="java.util.Date"><![CDATA[1360238962000]]></recordEnd>
               <streamName><![CDATA[rec_1_stream_0_07_02_2013_19_06_22]]></streamName>
               <freeTextUserName><![CDATA[ ]]></freeTextUserName>
               <isAudioOnly><![CDATA[false]]></isAudioOnly>
               <isVideoOnly><![CDATA[false]]></isVideoOnly>
               <isScreenData><![CDATA[false]]></isScreenData>
               <insertedBy><![CDATA[0]]></insertedBy>
               <inserted class="java.util.Date"><![CDATA[1360238782000]]></inserted>
               <updated class="java.util.Date"><![CDATA[1421649583000]]></updated>
               <wavAudioData><![CDATA[rec_1_stream_0_07_02_2013_19_06_22_WAVE.wav]]></wavAudioData>
               <fullWavAudioData><![CDATA[rec_1_stream_0_07_02_2013_19_06_22_FULL_WAVE.wav]]></fullWavAudioData>
               <audioIsValid><![CDATA[true]]></audioIsValid>
               <interiewPodId><![CDATA[-1]]></interiewPodId>
               <initialGapSeconds><![CDATA[0]]></initialGapSeconds>
            </flvrecordingmetadata>
         </flvrecordingmetadatas>
      </flvrecording>
      <flvrecording>
         <flvRecordingId><![CDATA[2]]></flvRecordingId>
         <fileName><![CDATA[Recording 19.01.2015 13:48:33]]></fileName>
         <alternateDownload><![CDATA[flvRecording_2.avi]]></alternateDownload>
         <fileHash><![CDATA[flvRecording_2.flv]]></fileHash>
         <comment><![CDATA[]]></comment>
         <room_id><![CDATA[2]]></room_id>
         <ownerId><![CDATA[2]]></ownerId>
         <folder><![CDATA[false]]></folder>
         <isImage><![CDATA[false]]></isImage>
         <isPresentation><![CDATA[false]]></isPresentation>
         <isRecording><![CDATA[true]]></isRecording>
         <recordStart class="java.util.Date"><![CDATA[1421650113000]]></recordStart>
         <recordEnd class="java.util.Date"><![CDATA[1421650127000]]></recordEnd>
         <insertedBy><![CDATA[2]]></insertedBy>
         <inserted class="java.util.Date"><![CDATA[1421650113000]]></inserted>
         <deleted><![CDATA[false]]></deleted>
         <width><![CDATA[960]]></width>
         <height><![CDATA[768]]></height>
         <flvWidth><![CDATA[960]]></flvWidth>
         <flvHeight><![CDATA[768]]></flvHeight>
         <previewImage><![CDATA[flvRecording_2.jpg]]></previewImage>
         <organization_id><![CDATA[1]]></organization_id>
         <isInterview><![CDATA[false]]></isInterview>
         <progressPostProcessing><![CDATA[0]]></progressPostProcessing>
         <flvrecordingmetadatas class="org.apache.openjpa.util.java$util$ArrayList$proxy">
            <flvrecordingmetadata>
               <flvRecordingMetaDataId><![CDATA[4]]></flvRecordingMetaDataId>
               <recordStart class="java.util.Date"><![CDATA[1421650114000]]></recordStart>
               <recordEnd class="java.util.Date"><![CDATA[1421650127000]]></recordEnd>
               <streamName><![CDATA[rec_2_stream_6c3b748a175614415028f711c979dcdc_2015_01_19_13_48_34]]></streamName>
               <freeTextUserName><![CDATA[Василий Дегтярев]]></freeTextUserName>
               <isAudioOnly><![CDATA[false]]></isAudioOnly>
               <isVideoOnly><![CDATA[false]]></isVideoOnly>
               <isScreenData><![CDATA[true]]></isScreenData>
               <inserted class="java.util.Date"><![CDATA[1421650114000]]></inserted>
               <fullWavAudioData><![CDATA[rec_2_stream_6c3b748a175614415028f711c979dcdc_2015_01_19_13_48_34_FINAL_WAVE.wav]]></fullWavAudioData>
               <initialGapSeconds><![CDATA[664]]></initialGapSeconds>
            </flvrecordingmetadata>
            <flvrecordingmetadata>
               <flvRecordingMetaDataId><![CDATA[3]]></flvRecordingMetaDataId>
               <recordStart class="java.util.Date"><![CDATA[1421650114000]]></recordStart>
               <recordEnd class="java.util.Date"><![CDATA[1421650127000]]></recordEnd>
               <streamName><![CDATA[rec_2_stream_0_2015_01_19_13_48_33]]></streamName>
               <freeTextUserName><![CDATA[Василий Дегтярев]]></freeTextUserName>
               <isAudioOnly><![CDATA[false]]></isAudioOnly>
               <isVideoOnly><![CDATA[false]]></isVideoOnly>
               <isScreenData><![CDATA[false]]></isScreenData>
               <inserted class="java.util.Date"><![CDATA[1421650113000]]></inserted>
               <wavAudioData><![CDATA[rec_2_stream_0_2015_01_19_13_48_33_WAVE.wav]]></wavAudioData>
               <fullWavAudioData><![CDATA[rec_2_stream_0_2015_01_19_13_48_33_FULL_WAVE.wav]]></fullWavAudioData>
               <audioIsValid><![CDATA[true]]></audioIsValid>
               <interiewPodId><![CDATA[-1]]></interiewPodId>
               <initialGapSeconds><![CDATA[711]]></initialGapSeconds>
            </flvrecordingmetadata>
         </flvrecordingmetadatas>
      </flvrecording>
   </flvrecordings>
</root>