<?xml version="1.0" encoding="UTF-8"?>
<!-- ###############################################
This File is auto-generated by the Backup Tool 
you should use the BackupPanel to modify or change this file 
see http://openmeetings.apache.org/Upgrade.html for Details 
###############################################
 --><root>
   <ldapconfigs>
      <ldapconfig>
         <name><![CDATA[local DB [internal]]]></name>
         <addDomainToUserName><![CDATA[false]]></addDomainToUserName>
         <isActive><![CDATA[false]]></isActive>
      </ldapconfig>
      <ldapconfig>
         <name><![CDATA[test config]]></name>
         <configFileName><![CDATA[ldap]]></configFileName>
         <addDomainToUserName><![CDATA[true]]></addDomainToUserName>
         <isActive><![CDATA[true]]></isActive>
      </ldapconfig>
   </ldapconfigs>
</root>