<?xml version="1.0" encoding="UTF-8"?>
<!-- ###############################################
This File is auto-generated by the Backup Tool 
you should use the BackupPanel to modify or change this file 
see http://openmeetings.apache.org/Upgrade.html for Details 
###############################################
 --><root>
   <meetingmembers>
      <meetingmember>
         <meetingMemberId><![CDATA[1]]></meetingMemberId>
         <userid><![CDATA[1]]></userid>
         <appointment><![CDATA[1]]></appointment>
         <deleted><![CDATA[false]]></deleted>
      </meetingmember>
      <meetingmember>
         <meetingMemberId><![CDATA[2]]></meetingMemberId>
         <userid><![CDATA[2]]></userid>
         <appointment><![CDATA[1]]></appointment>
         <appointmentStatus><![CDATA[0]]></appointmentStatus>
         <deleted><![CDATA[false]]></deleted>
      </meetingmember>
      <meetingmember>
         <meetingMemberId><![CDATA[3]]></meetingMemberId>
         <userid><![CDATA[3]]></userid>
         <appointment><![CDATA[1]]></appointment>
         <appointmentStatus><![CDATA[0]]></appointmentStatus>
         <deleted><![CDATA[false]]></deleted>
      </meetingmember>
      <meetingmember>
         <meetingMemberId><![CDATA[4]]></meetingMemberId>
         <userid><![CDATA[4]]></userid>
         <appointment><![CDATA[2]]></appointment>
         <deleted><![CDATA[false]]></deleted>
      </meetingmember>
   </meetingmembers>
</root>