<?xml version="1.0" encoding="UTF-8"?>
<!-- ###############################################
This File is auto-generated by the Backup Tool 
you should use the BackupPanel to modify or change this file 
see http://openmeetings.apache.org/Upgrade.html for Details 
###############################################
 --><root>
   <oauth2servers>
      <OAuthServer>
         <id><![CDATA[1]]></id>
         <name><![CDATA[Yandex]]></name>
         <iconUrl><![CDATA[http://yandex.st/morda-logo/i/favicon.ico]]></iconUrl>
         <enabled><![CDATA[false]]></enabled>
         <clientId><![CDATA[<put your client_id>]]></clientId>
         <clientSecret><![CDATA[<put your client_secret>]]></clientSecret>
         <requestKeyUrl><![CDATA[https://oauth.yandex.ru/authorize?response_type=code&client_id={$client_id}]]></requestKeyUrl>
         <requestTokenUrl><![CDATA[https://oauth.yandex.ru/token]]></requestTokenUrl>
         <requestTokenAttributes><![CDATA[grant_type=authorization_code&code={$code}&client_id={$client_id}&client_secret={$client_secret}]]></requestTokenAttributes>
         <requestTokenMethod><![CDATA[POST]]></requestTokenMethod>
         <requestInfoUrl><![CDATA[https://login.yandex.ru/info?format=json&oauth_token={$access_token}]]></requestInfoUrl>
         <loginParamName><![CDATA[default_email]]></loginParamName>
         <emailParamName><![CDATA[default_email]]></emailParamName>
         <deleted><![CDATA[false]]></deleted>
      </OAuthServer>
      <OAuthServer>
         <id><![CDATA[2]]></id>
         <name><![CDATA[Google]]></name>
         <iconUrl><![CDATA[https://www.google.ru/images/google_favicon_128.png]]></iconUrl>
         <enabled><![CDATA[false]]></enabled>
         <clientId><![CDATA[<put your client_id>]]></clientId>
         <clientSecret><![CDATA[<put your client_secret>]]></clientSecret>
         <requestKeyUrl><![CDATA[https://accounts.google.com/o/oauth2/auth?redirect_uri={$redirect_uri}&response_type=code&client_id={$client_id}&scope=https%3A%2F%2Fwww.googleapis.com%2Fauth%2Fuserinfo.email+https%3A%2F%2Fwww.googleapis.com%2Fauth%2Fuserinfo.profile]]></requestKeyUrl>
         <requestTokenUrl><![CDATA[https://accounts.google.com/o/oauth2/token]]></requestTokenUrl>
         <requestTokenAttributes><![CDATA[code={$code}&client_id={$client_id}&client_secret={$client_secret}&redirect_uri={$redirect_uri}&grant_type=authorization_code]]></requestTokenAttributes>
         <requestTokenMethod><![CDATA[POST]]></requestTokenMethod>
         <requestInfoUrl><![CDATA[https://www.googleapis.com/oauth2/v1/userinfo?access_token={$access_token}]]></requestInfoUrl>
         <loginParamName><![CDATA[email]]></loginParamName>
         <emailParamName><![CDATA[email]]></emailParamName>
         <firstnameParamName><![CDATA[given_name]]></firstnameParamName>
         <lastnameParamName><![CDATA[family_name]]></lastnameParamName>
         <deleted><![CDATA[false]]></deleted>
      </OAuthServer>
      <OAuthServer>
         <id><![CDATA[3]]></id>
         <name><![CDATA[Facebook]]></name>
         <iconUrl><![CDATA[https://www.facebook.com/images/fb_icon_325x325.png]]></iconUrl>
         <enabled><![CDATA[true]]></enabled>
         <clientId><![CDATA[<put your client_id>]]></clientId>
         <clientSecret><![CDATA[<put your client_secret>]]></clientSecret>
         <requestKeyUrl><![CDATA[https://www.facebook.com/dialog/oauth?client_id={$client_id}&redirect_uri={$redirect_uri}&scope=email]]></requestKeyUrl>
         <requestTokenUrl><![CDATA[https://graph.facebook.com/oauth/access_token]]></requestTokenUrl>
         <requestTokenAttributes><![CDATA[client_id={$client_id}&redirect_uri={$redirect_uri}&client_secret={$client_secret}&code={$code}]]></requestTokenAttributes>
         <requestTokenMethod><![CDATA[POST]]></requestTokenMethod>
         <requestInfoUrl><![CDATA[https://graph.facebook.com/me?access_token={$access_token}&fields=username,first_name,last_name,email]]></requestInfoUrl>
         <loginParamName><![CDATA[username]]></loginParamName>
         <emailParamName><![CDATA[email]]></emailParamName>
         <firstnameParamName><![CDATA[first_name]]></firstnameParamName>
         <lastnameParamName><![CDATA[last_name]]></lastnameParamName>
         <deleted><![CDATA[false]]></deleted>
      </OAuthServer>
   </oauth2servers>
</root>