<?xml version="1.0" encoding="UTF-8"?>
<!-- ###############################################
This File is auto-generated by the Backup Tool 
you should use the BackupPanel to modify or change this file 
see http://openmeetings.apache.org/Upgrade.html for Details 
###############################################
 --><root>
   <organisations>
      <organisation>
         <organisation_id><![CDATA[1]]></organisation_id>
         <name><![CDATA[Unipro]]></name>
         <deleted><![CDATA[false]]></deleted>
      </organisation>
      <organisation>
         <organisation_id><![CDATA[2]]></organisation_id>
         <name><![CDATA[TEST ORG]]></name>
         <deleted><![CDATA[false]]></deleted>
      </organisation>
   </organisations>
</root>