<?xml version="1.0" encoding="UTF-8"?>
<!-- ###############################################
This File is auto-generated by the Backup Tool 
you should use the BackupPanel to modify or change this file 
see http://openmeetings.apache.org/Upgrade.html for Details 
###############################################
 --><root>
   <privatemessages>
      <privatemessage>
         <privateMessageId><![CDATA[1]]></privateMessageId>
         <subject><![CDATA[test]]></subject>
         <message><![CDATA[test message]]></message>
         <inserted class="java.util.Date"><![CDATA[1421649584000]]></inserted>
         <from><![CDATA[2]]></from>
         <to><![CDATA[1]]></to>
         <owner><![CDATA[2]]></owner>
         <bookedRoom><![CDATA[false]]></bookedRoom>
         <isRead><![CDATA[false]]></isRead>
         <isTrash><![CDATA[false]]></isTrash>
         <parentMessage><![CDATA[0]]></parentMessage>
         <privateMessageFolderId><![CDATA[0]]></privateMessageFolderId>
         <isContactRequest><![CDATA[false]]></isContactRequest>
         <userContactId><![CDATA[0]]></userContactId>
      </privatemessage>
      <privatemessage>
         <privateMessageId><![CDATA[2]]></privateMessageId>
         <subject><![CDATA[test]]></subject>
         <message><![CDATA[test message]]></message>
         <inserted class="java.util.Date"><![CDATA[1421649584000]]></inserted>
         <from><![CDATA[2]]></from>
         <to><![CDATA[1]]></to>
         <owner><![CDATA[1]]></owner>
         <bookedRoom><![CDATA[false]]></bookedRoom>
         <isRead><![CDATA[true]]></isRead>
         <isTrash><![CDATA[false]]></isTrash>
         <parentMessage><![CDATA[0]]></parentMessage>
         <privateMessageFolderId><![CDATA[0]]></privateMessageFolderId>
         <isContactRequest><![CDATA[false]]></isContactRequest>
         <userContactId><![CDATA[0]]></userContactId>
      </privatemessage>
      <privatemessage>
         <privateMessageId><![CDATA[3]]></privateMessageId>
         <subject><![CDATA[Василий Дегтярев хочет добавить вас в список контактов.]]></subject>
         <message><![CDATA[Здравствуйте, firstname lastname<br/><br/>Василий Дегтярев хочет добавить вас в список контактов.<br/>Проверьте запросы вашего контакта в OpenMeetings или пойдите по этой ссылке, чтобы on принять или отклонить запрос<br/>]]></message>
         <inserted class="java.util.Date"><![CDATA[1421649584000]]></inserted>
         <from><![CDATA[2]]></from>
         <to><![CDATA[1]]></to>
         <owner><![CDATA[1]]></owner>
         <bookedRoom><![CDATA[false]]></bookedRoom>
         <isRead><![CDATA[true]]></isRead>
         <isTrash><![CDATA[false]]></isTrash>
         <parentMessage><![CDATA[0]]></parentMessage>
         <privateMessageFolderId><![CDATA[1]]></privateMessageFolderId>
         <isContactRequest><![CDATA[true]]></isContactRequest>
         <userContactId><![CDATA[1]]></userContactId>
      </privatemessage>
      <privatemessage>
         <privateMessageId><![CDATA[4]]></privateMessageId>
         <subject><![CDATA[test7777]]></subject>
         <message><![CDATA[test message]]></message>
         <inserted class="java.util.Date"><![CDATA[1421649584000]]></inserted>
         <from><![CDATA[2]]></from>
         <to><![CDATA[1]]></to>
         <owner><![CDATA[2]]></owner>
         <bookedRoom><![CDATA[false]]></bookedRoom>
         <isRead><![CDATA[false]]></isRead>
         <isTrash><![CDATA[false]]></isTrash>
         <parentMessage><![CDATA[0]]></parentMessage>
         <privateMessageFolderId><![CDATA[0]]></privateMessageFolderId>
         <isContactRequest><![CDATA[false]]></isContactRequest>
         <userContactId><![CDATA[0]]></userContactId>
      </privatemessage>
      <privatemessage>
         <privateMessageId><![CDATA[5]]></privateMessageId>
         <subject><![CDATA[test7777]]></subject>
         <message><![CDATA[test message]]></message>
         <inserted class="java.util.Date"><![CDATA[1421649584000]]></inserted>
         <from><![CDATA[2]]></from>
         <to><![CDATA[1]]></to>
         <owner><![CDATA[1]]></owner>
         <bookedRoom><![CDATA[false]]></bookedRoom>
         <isRead><![CDATA[true]]></isRead>
         <isTrash><![CDATA[false]]></isTrash>
         <parentMessage><![CDATA[0]]></parentMessage>
         <privateMessageFolderId><![CDATA[1]]></privateMessageFolderId>
         <isContactRequest><![CDATA[false]]></isContactRequest>
         <userContactId><![CDATA[0]]></userContactId>
      </privatemessage>
      <privatemessage>
         <privateMessageId><![CDATA[6]]></privateMessageId>
         <subject><![CDATA[test]]></subject>
         <message><![CDATA[test]]></message>
         <inserted class="java.util.Date"><![CDATA[1421649584000]]></inserted>
         <from><![CDATA[2]]></from>
         <to><![CDATA[1]]></to>
         <owner><![CDATA[2]]></owner>
         <bookedRoom><![CDATA[false]]></bookedRoom>
         <isRead><![CDATA[false]]></isRead>
         <isTrash><![CDATA[false]]></isTrash>
         <parentMessage><![CDATA[0]]></parentMessage>
         <privateMessageFolderId><![CDATA[0]]></privateMessageFolderId>
         <isContactRequest><![CDATA[false]]></isContactRequest>
         <userContactId><![CDATA[0]]></userContactId>
      </privatemessage>
      <privatemessage>
         <privateMessageId><![CDATA[7]]></privateMessageId>
         <subject><![CDATA[test]]></subject>
         <message><![CDATA[test]]></message>
         <inserted class="java.util.Date"><![CDATA[1421649584000]]></inserted>
         <from><![CDATA[2]]></from>
         <to><![CDATA[1]]></to>
         <owner><![CDATA[1]]></owner>
         <bookedRoom><![CDATA[false]]></bookedRoom>
         <isRead><![CDATA[true]]></isRead>
         <isTrash><![CDATA[false]]></isTrash>
         <parentMessage><![CDATA[0]]></parentMessage>
         <privateMessageFolderId><![CDATA[1]]></privateMessageFolderId>
         <isContactRequest><![CDATA[false]]></isContactRequest>
         <userContactId><![CDATA[0]]></userContactId>
      </privatemessage>
      <privatemessage>
         <privateMessageId><![CDATA[8]]></privateMessageId>
         <subject><![CDATA[Test 2.0]]></subject>
         <message><![CDATA[Test]]></message>
         <inserted class="java.util.Date"><![CDATA[1421649584000]]></inserted>
         <from><![CDATA[2]]></from>
         <owner><![CDATA[2]]></owner>
         <bookedRoom><![CDATA[false]]></bookedRoom>
         <isRead><![CDATA[false]]></isRead>
         <isTrash><![CDATA[false]]></isTrash>
         <parentMessage><![CDATA[0]]></parentMessage>
         <privateMessageFolderId><![CDATA[0]]></privateMessageFolderId>
         <isContactRequest><![CDATA[false]]></isContactRequest>
         <userContactId><![CDATA[0]]></userContactId>
      </privatemessage>
      <privatemessage>
         <privateMessageId><![CDATA[9]]></privateMessageId>
         <subject><![CDATA[test 1_9 (old mail)]]></subject>
         <message><![CDATA[test]]></message>
         <inserted class="java.util.Date"><![CDATA[1421649584000]]></inserted>
         <from><![CDATA[2]]></from>
         <to><![CDATA[1]]></to>
         <owner><![CDATA[2]]></owner>
         <bookedRoom><![CDATA[false]]></bookedRoom>
         <isRead><![CDATA[false]]></isRead>
         <isTrash><![CDATA[false]]></isTrash>
         <parentMessage><![CDATA[0]]></parentMessage>
         <privateMessageFolderId><![CDATA[0]]></privateMessageFolderId>
         <isContactRequest><![CDATA[false]]></isContactRequest>
         <userContactId><![CDATA[0]]></userContactId>
      </privatemessage>
      <privatemessage>
         <privateMessageId><![CDATA[10]]></privateMessageId>
         <subject><![CDATA[test 1_9 (old mail)]]></subject>
         <message><![CDATA[test]]></message>
         <inserted class="java.util.Date"><![CDATA[1421649584000]]></inserted>
         <from><![CDATA[2]]></from>
         <to><![CDATA[1]]></to>
         <owner><![CDATA[1]]></owner>
         <bookedRoom><![CDATA[false]]></bookedRoom>
         <isRead><![CDATA[true]]></isRead>
         <isTrash><![CDATA[false]]></isTrash>
         <parentMessage><![CDATA[0]]></parentMessage>
         <privateMessageFolderId><![CDATA[1]]></privateMessageFolderId>
         <isContactRequest><![CDATA[false]]></isContactRequest>
         <userContactId><![CDATA[0]]></userContactId>
      </privatemessage>
      <privatemessage>
         <privateMessageId><![CDATA[11]]></privateMessageId>
         <subject><![CDATA[Private 2.1]]></subject>
         <message><![CDATA[Private 2.1]]></message>
         <inserted class="java.util.Date"><![CDATA[1421649584000]]></inserted>
         <from><![CDATA[1]]></from>
         <to><![CDATA[2]]></to>
         <owner><![CDATA[1]]></owner>
         <bookedRoom><![CDATA[false]]></bookedRoom>
         <isRead><![CDATA[false]]></isRead>
         <isTrash><![CDATA[false]]></isTrash>
         <parentMessage><![CDATA[0]]></parentMessage>
         <privateMessageFolderId><![CDATA[0]]></privateMessageFolderId>
         <isContactRequest><![CDATA[false]]></isContactRequest>
         <userContactId><![CDATA[0]]></userContactId>
      </privatemessage>
      <privatemessage>
         <privateMessageId><![CDATA[12]]></privateMessageId>
         <subject><![CDATA[Private 2.1]]></subject>
         <message><![CDATA[Private 2.1]]></message>
         <inserted class="java.util.Date"><![CDATA[1421649584000]]></inserted>
         <from><![CDATA[1]]></from>
         <to><![CDATA[2]]></to>
         <owner><![CDATA[2]]></owner>
         <bookedRoom><![CDATA[false]]></bookedRoom>
         <isRead><![CDATA[false]]></isRead>
         <isTrash><![CDATA[false]]></isTrash>
         <parentMessage><![CDATA[0]]></parentMessage>
         <privateMessageFolderId><![CDATA[0]]></privateMessageFolderId>
         <isContactRequest><![CDATA[false]]></isContactRequest>
         <userContactId><![CDATA[0]]></userContactId>
      </privatemessage>
      <privatemessage>
         <privateMessageId><![CDATA[13]]></privateMessageId>
         <subject><![CDATA[Test]]></subject>
         <message><![CDATA[Test message<br>]]></message>
         <inserted class="java.util.Date"><![CDATA[1421650262000]]></inserted>
         <from><![CDATA[2]]></from>
         <to><![CDATA[4]]></to>
         <owner><![CDATA[2]]></owner>
         <bookedRoom><![CDATA[false]]></bookedRoom>
         <isRead><![CDATA[false]]></isRead>
         <isTrash><![CDATA[false]]></isTrash>
         <privateMessageFolderId><![CDATA[-1]]></privateMessageFolderId>
         <isContactRequest><![CDATA[false]]></isContactRequest>
      </privatemessage>
      <privatemessage>
         <privateMessageId><![CDATA[14]]></privateMessageId>
         <subject><![CDATA[Test]]></subject>
         <message><![CDATA[Test message<br>]]></message>
         <inserted class="java.util.Date"><![CDATA[1421650262000]]></inserted>
         <from><![CDATA[2]]></from>
         <to><![CDATA[4]]></to>
         <owner><![CDATA[4]]></owner>
         <bookedRoom><![CDATA[false]]></bookedRoom>
         <isRead><![CDATA[false]]></isRead>
         <isTrash><![CDATA[false]]></isTrash>
         <privateMessageFolderId><![CDATA[0]]></privateMessageFolderId>
         <isContactRequest><![CDATA[false]]></isContactRequest>
      </privatemessage>
   </privatemessages>
</root>