<?xml version="1.0" encoding="UTF-8"?>
<!-- ###############################################
This File is auto-generated by the Backup Tool 
you should use the BackupPanel to modify or change this file 
see http://openmeetings.apache.org/Upgrade.html for Details 
###############################################
 --><root>
   <rooms>
      <room>
         <rooms_id><![CDATA[1]]></rooms_id>
         <name><![CDATA[public Interview Room]]></name>
         <roomtypeId><![CDATA[4]]></roomtypeId>
         <deleted><![CDATA[false]]></deleted>
         <ispublic><![CDATA[true]]></ispublic>
         <numberOfPartizipants><![CDATA[16]]></numberOfPartizipants>
         <appointment><![CDATA[false]]></appointment>
         <externalRoomId><![CDATA[0]]></externalRoomId>
         <externalRoomType><![CDATA[null]]></externalRoomType>
         <isDemoRoom><![CDATA[false]]></isDemoRoom>
         <demoTime><![CDATA[0]]></demoTime>
         <isModeratedRoom><![CDATA[false]]></isModeratedRoom>
         <allowUserQuestions><![CDATA[true]]></allowUserQuestions>
         <isAudioOnly><![CDATA[false]]></isAudioOnly>
         <allowFontStyles><![CDATA[false]]></allowFontStyles>
         <isClosed><![CDATA[false]]></isClosed>
         <hideTopBar><![CDATA[false]]></hideTopBar>
         <hideChat><![CDATA[false]]></hideChat>
         <hideActivitiesAndActions><![CDATA[false]]></hideActivitiesAndActions>
         <hideFilesExplorer><![CDATA[false]]></hideFilesExplorer>
         <hideActionsMenu><![CDATA[false]]></hideActionsMenu>
         <hideScreenSharing><![CDATA[false]]></hideScreenSharing>
         <hideWhiteboard><![CDATA[false]]></hideWhiteboard>
         <showMicrophoneStatus><![CDATA[false]]></showMicrophoneStatus>
         <chatModerated><![CDATA[false]]></chatModerated>
         <chatOpened><![CDATA[false]]></chatOpened>
         <filesOpened><![CDATA[false]]></filesOpened>
         <autoVideoSelect><![CDATA[false]]></autoVideoSelect>
         <room_moderators class="org.apache.openjpa.util.java$util$ArrayList$proxy"/>
         <sipEnabled><![CDATA[false]]></sipEnabled>
      </room>
      <room>
         <rooms_id><![CDATA[2]]></rooms_id>
         <name><![CDATA[public Conference Room]]></name>
         <roomtypeId><![CDATA[1]]></roomtypeId>
         <deleted><![CDATA[false]]></deleted>
         <ispublic><![CDATA[true]]></ispublic>
         <numberOfPartizipants><![CDATA[32]]></numberOfPartizipants>
         <appointment><![CDATA[false]]></appointment>
         <externalRoomId><![CDATA[0]]></externalRoomId>
         <externalRoomType><![CDATA[null]]></externalRoomType>
         <isDemoRoom><![CDATA[false]]></isDemoRoom>
         <demoTime><![CDATA[0]]></demoTime>
         <isModeratedRoom><![CDATA[false]]></isModeratedRoom>
         <allowUserQuestions><![CDATA[true]]></allowUserQuestions>
         <isAudioOnly><![CDATA[false]]></isAudioOnly>
         <allowFontStyles><![CDATA[false]]></allowFontStyles>
         <isClosed><![CDATA[false]]></isClosed>
         <hideTopBar><![CDATA[false]]></hideTopBar>
         <hideChat><![CDATA[false]]></hideChat>
         <hideActivitiesAndActions><![CDATA[false]]></hideActivitiesAndActions>
         <hideFilesExplorer><![CDATA[false]]></hideFilesExplorer>
         <hideActionsMenu><![CDATA[false]]></hideActionsMenu>
         <hideScreenSharing><![CDATA[false]]></hideScreenSharing>
         <hideWhiteboard><![CDATA[false]]></hideWhiteboard>
         <showMicrophoneStatus><![CDATA[false]]></showMicrophoneStatus>
         <chatModerated><![CDATA[false]]></chatModerated>
         <chatOpened><![CDATA[false]]></chatOpened>
         <filesOpened><![CDATA[false]]></filesOpened>
         <autoVideoSelect><![CDATA[false]]></autoVideoSelect>
         <room_moderators class="org.apache.openjpa.util.java$util$ArrayList$proxy"/>
         <sipEnabled><![CDATA[false]]></sipEnabled>
      </room>
      <room>
         <rooms_id><![CDATA[3]]></rooms_id>
         <name><![CDATA[public Video Only Room]]></name>
         <roomtypeId><![CDATA[1]]></roomtypeId>
         <deleted><![CDATA[false]]></deleted>
         <ispublic><![CDATA[true]]></ispublic>
         <numberOfPartizipants><![CDATA[32]]></numberOfPartizipants>
         <appointment><![CDATA[false]]></appointment>
         <externalRoomId><![CDATA[0]]></externalRoomId>
         <externalRoomType><![CDATA[null]]></externalRoomType>
         <isDemoRoom><![CDATA[false]]></isDemoRoom>
         <demoTime><![CDATA[0]]></demoTime>
         <isModeratedRoom><![CDATA[false]]></isModeratedRoom>
         <allowUserQuestions><![CDATA[true]]></allowUserQuestions>
         <isAudioOnly><![CDATA[false]]></isAudioOnly>
         <allowFontStyles><![CDATA[false]]></allowFontStyles>
         <isClosed><![CDATA[false]]></isClosed>
         <hideTopBar><![CDATA[false]]></hideTopBar>
         <hideChat><![CDATA[false]]></hideChat>
         <hideActivitiesAndActions><![CDATA[false]]></hideActivitiesAndActions>
         <hideFilesExplorer><![CDATA[false]]></hideFilesExplorer>
         <hideActionsMenu><![CDATA[false]]></hideActionsMenu>
         <hideScreenSharing><![CDATA[false]]></hideScreenSharing>
         <hideWhiteboard><![CDATA[false]]></hideWhiteboard>
         <showMicrophoneStatus><![CDATA[false]]></showMicrophoneStatus>
         <chatModerated><![CDATA[false]]></chatModerated>
         <chatOpened><![CDATA[false]]></chatOpened>
         <filesOpened><![CDATA[false]]></filesOpened>
         <autoVideoSelect><![CDATA[false]]></autoVideoSelect>
         <room_moderators class="org.apache.openjpa.util.java$util$ArrayList$proxy"/>
         <sipEnabled><![CDATA[false]]></sipEnabled>
      </room>
      <room>
         <rooms_id><![CDATA[4]]></rooms_id>
         <name><![CDATA[public Video And Whiteboard Room]]></name>
         <roomtypeId><![CDATA[1]]></roomtypeId>
         <deleted><![CDATA[false]]></deleted>
         <ispublic><![CDATA[true]]></ispublic>
         <numberOfPartizipants><![CDATA[32]]></numberOfPartizipants>
         <appointment><![CDATA[false]]></appointment>
         <externalRoomId><![CDATA[0]]></externalRoomId>
         <externalRoomType><![CDATA[null]]></externalRoomType>
         <isDemoRoom><![CDATA[false]]></isDemoRoom>
         <demoTime><![CDATA[0]]></demoTime>
         <isModeratedRoom><![CDATA[false]]></isModeratedRoom>
         <allowUserQuestions><![CDATA[true]]></allowUserQuestions>
         <isAudioOnly><![CDATA[false]]></isAudioOnly>
         <allowFontStyles><![CDATA[false]]></allowFontStyles>
         <isClosed><![CDATA[false]]></isClosed>
         <hideTopBar><![CDATA[false]]></hideTopBar>
         <hideChat><![CDATA[false]]></hideChat>
         <hideActivitiesAndActions><![CDATA[false]]></hideActivitiesAndActions>
         <hideFilesExplorer><![CDATA[false]]></hideFilesExplorer>
         <hideActionsMenu><![CDATA[false]]></hideActionsMenu>
         <hideScreenSharing><![CDATA[false]]></hideScreenSharing>
         <hideWhiteboard><![CDATA[false]]></hideWhiteboard>
         <showMicrophoneStatus><![CDATA[false]]></showMicrophoneStatus>
         <chatModerated><![CDATA[false]]></chatModerated>
         <chatOpened><![CDATA[false]]></chatOpened>
         <filesOpened><![CDATA[false]]></filesOpened>
         <autoVideoSelect><![CDATA[false]]></autoVideoSelect>
         <room_moderators class="org.apache.openjpa.util.java$util$ArrayList$proxy"/>
         <sipEnabled><![CDATA[false]]></sipEnabled>
      </room>
      <room>
         <rooms_id><![CDATA[5]]></rooms_id>
         <name><![CDATA[public Restricted Room]]></name>
         <roomtypeId><![CDATA[3]]></roomtypeId>
         <deleted><![CDATA[false]]></deleted>
         <ispublic><![CDATA[true]]></ispublic>
         <numberOfPartizipants><![CDATA[100]]></numberOfPartizipants>
         <appointment><![CDATA[false]]></appointment>
         <externalRoomId><![CDATA[0]]></externalRoomId>
         <externalRoomType><![CDATA[null]]></externalRoomType>
         <isDemoRoom><![CDATA[false]]></isDemoRoom>
         <demoTime><![CDATA[0]]></demoTime>
         <isModeratedRoom><![CDATA[false]]></isModeratedRoom>
         <allowUserQuestions><![CDATA[true]]></allowUserQuestions>
         <isAudioOnly><![CDATA[false]]></isAudioOnly>
         <allowFontStyles><![CDATA[false]]></allowFontStyles>
         <isClosed><![CDATA[false]]></isClosed>
         <hideTopBar><![CDATA[false]]></hideTopBar>
         <hideChat><![CDATA[false]]></hideChat>
         <hideActivitiesAndActions><![CDATA[false]]></hideActivitiesAndActions>
         <hideFilesExplorer><![CDATA[false]]></hideFilesExplorer>
         <hideActionsMenu><![CDATA[false]]></hideActionsMenu>
         <hideScreenSharing><![CDATA[false]]></hideScreenSharing>
         <hideWhiteboard><![CDATA[false]]></hideWhiteboard>
         <showMicrophoneStatus><![CDATA[false]]></showMicrophoneStatus>
         <chatModerated><![CDATA[false]]></chatModerated>
         <chatOpened><![CDATA[false]]></chatOpened>
         <filesOpened><![CDATA[false]]></filesOpened>
         <autoVideoSelect><![CDATA[false]]></autoVideoSelect>
         <room_moderators class="org.apache.openjpa.util.java$util$ArrayList$proxy"/>
         <sipEnabled><![CDATA[false]]></sipEnabled>
      </room>
      <room>
         <rooms_id><![CDATA[6]]></rooms_id>
         <name><![CDATA[restricted room with micro option set]]></name>
         <roomtypeId><![CDATA[3]]></roomtypeId>
         <deleted><![CDATA[false]]></deleted>
         <ispublic><![CDATA[true]]></ispublic>
         <numberOfPartizipants><![CDATA[100]]></numberOfPartizipants>
         <appointment><![CDATA[false]]></appointment>
         <externalRoomId><![CDATA[0]]></externalRoomId>
         <externalRoomType><![CDATA[null]]></externalRoomType>
         <isDemoRoom><![CDATA[false]]></isDemoRoom>
         <demoTime><![CDATA[0]]></demoTime>
         <isModeratedRoom><![CDATA[false]]></isModeratedRoom>
         <allowUserQuestions><![CDATA[true]]></allowUserQuestions>
         <isAudioOnly><![CDATA[false]]></isAudioOnly>
         <allowFontStyles><![CDATA[false]]></allowFontStyles>
         <isClosed><![CDATA[false]]></isClosed>
         <hideTopBar><![CDATA[false]]></hideTopBar>
         <hideChat><![CDATA[false]]></hideChat>
         <hideActivitiesAndActions><![CDATA[false]]></hideActivitiesAndActions>
         <hideFilesExplorer><![CDATA[false]]></hideFilesExplorer>
         <hideActionsMenu><![CDATA[false]]></hideActionsMenu>
         <hideScreenSharing><![CDATA[false]]></hideScreenSharing>
         <hideWhiteboard><![CDATA[false]]></hideWhiteboard>
         <showMicrophoneStatus><![CDATA[true]]></showMicrophoneStatus>
         <chatModerated><![CDATA[false]]></chatModerated>
         <chatOpened><![CDATA[false]]></chatOpened>
         <filesOpened><![CDATA[false]]></filesOpened>
         <autoVideoSelect><![CDATA[false]]></autoVideoSelect>
         <room_moderators class="org.apache.openjpa.util.java$util$ArrayList$proxy"/>
         <sipEnabled><![CDATA[false]]></sipEnabled>
      </room>
      <room>
         <rooms_id><![CDATA[7]]></rooms_id>
         <name><![CDATA[conference room with micro option set]]></name>
         <roomtypeId><![CDATA[1]]></roomtypeId>
         <deleted><![CDATA[false]]></deleted>
         <ispublic><![CDATA[true]]></ispublic>
         <numberOfPartizipants><![CDATA[32]]></numberOfPartizipants>
         <appointment><![CDATA[false]]></appointment>
         <externalRoomId><![CDATA[0]]></externalRoomId>
         <externalRoomType><![CDATA[null]]></externalRoomType>
         <isDemoRoom><![CDATA[false]]></isDemoRoom>
         <demoTime><![CDATA[0]]></demoTime>
         <isModeratedRoom><![CDATA[false]]></isModeratedRoom>
         <allowUserQuestions><![CDATA[true]]></allowUserQuestions>
         <isAudioOnly><![CDATA[false]]></isAudioOnly>
         <allowFontStyles><![CDATA[false]]></allowFontStyles>
         <isClosed><![CDATA[false]]></isClosed>
         <hideTopBar><![CDATA[false]]></hideTopBar>
         <hideChat><![CDATA[false]]></hideChat>
         <hideActivitiesAndActions><![CDATA[false]]></hideActivitiesAndActions>
         <hideFilesExplorer><![CDATA[false]]></hideFilesExplorer>
         <hideActionsMenu><![CDATA[false]]></hideActionsMenu>
         <hideScreenSharing><![CDATA[false]]></hideScreenSharing>
         <hideWhiteboard><![CDATA[false]]></hideWhiteboard>
         <showMicrophoneStatus><![CDATA[true]]></showMicrophoneStatus>
         <chatModerated><![CDATA[false]]></chatModerated>
         <chatOpened><![CDATA[false]]></chatOpened>
         <filesOpened><![CDATA[false]]></filesOpened>
         <autoVideoSelect><![CDATA[false]]></autoVideoSelect>
         <room_moderators class="org.apache.openjpa.util.java$util$ArrayList$proxy"/>
         <sipEnabled><![CDATA[false]]></sipEnabled>
      </room>
      <room>
         <rooms_id><![CDATA[8]]></rooms_id>
         <name><![CDATA[private Conference Room]]></name>
         <roomtypeId><![CDATA[1]]></roomtypeId>
         <deleted><![CDATA[false]]></deleted>
         <ispublic><![CDATA[false]]></ispublic>
         <numberOfPartizipants><![CDATA[32]]></numberOfPartizipants>
         <appointment><![CDATA[false]]></appointment>
         <externalRoomId><![CDATA[0]]></externalRoomId>
         <externalRoomType><![CDATA[null]]></externalRoomType>
         <isDemoRoom><![CDATA[false]]></isDemoRoom>
         <demoTime><![CDATA[0]]></demoTime>
         <isModeratedRoom><![CDATA[false]]></isModeratedRoom>
         <allowUserQuestions><![CDATA[true]]></allowUserQuestions>
         <isAudioOnly><![CDATA[false]]></isAudioOnly>
         <allowFontStyles><![CDATA[false]]></allowFontStyles>
         <isClosed><![CDATA[false]]></isClosed>
         <hideTopBar><![CDATA[false]]></hideTopBar>
         <hideChat><![CDATA[false]]></hideChat>
         <hideActivitiesAndActions><![CDATA[false]]></hideActivitiesAndActions>
         <hideFilesExplorer><![CDATA[false]]></hideFilesExplorer>
         <hideActionsMenu><![CDATA[false]]></hideActionsMenu>
         <hideScreenSharing><![CDATA[false]]></hideScreenSharing>
         <hideWhiteboard><![CDATA[false]]></hideWhiteboard>
         <showMicrophoneStatus><![CDATA[false]]></showMicrophoneStatus>
         <chatModerated><![CDATA[false]]></chatModerated>
         <chatOpened><![CDATA[false]]></chatOpened>
         <filesOpened><![CDATA[false]]></filesOpened>
         <autoVideoSelect><![CDATA[false]]></autoVideoSelect>
         <room_moderators class="org.apache.openjpa.util.java$util$ArrayList$proxy"/>
         <sipEnabled><![CDATA[false]]></sipEnabled>
      </room>
      <room>
         <rooms_id><![CDATA[9]]></rooms_id>
         <name><![CDATA[Моя комната для конференций(до 16 польз-лей)]]></name>
         <comment><![CDATA[My Rooms of ownerId 2]]></comment>
         <roomtypeId><![CDATA[1]]></roomtypeId>
         <deleted><![CDATA[false]]></deleted>
         <ispublic><![CDATA[false]]></ispublic>
         <numberOfPartizipants><![CDATA[25]]></numberOfPartizipants>
         <appointment><![CDATA[false]]></appointment>
         <externalRoomId><![CDATA[0]]></externalRoomId>
         <externalRoomType><![CDATA[null]]></externalRoomType>
         <isDemoRoom><![CDATA[false]]></isDemoRoom>
         <demoTime><![CDATA[0]]></demoTime>
         <isModeratedRoom><![CDATA[false]]></isModeratedRoom>
         <allowUserQuestions><![CDATA[true]]></allowUserQuestions>
         <isAudioOnly><![CDATA[false]]></isAudioOnly>
         <allowFontStyles><![CDATA[false]]></allowFontStyles>
         <isClosed><![CDATA[false]]></isClosed>
         <ownerid><![CDATA[2]]></ownerid>
         <hideTopBar><![CDATA[false]]></hideTopBar>
         <hideChat><![CDATA[false]]></hideChat>
         <hideActivitiesAndActions><![CDATA[false]]></hideActivitiesAndActions>
         <hideFilesExplorer><![CDATA[false]]></hideFilesExplorer>
         <hideActionsMenu><![CDATA[false]]></hideActionsMenu>
         <hideScreenSharing><![CDATA[false]]></hideScreenSharing>
         <hideWhiteboard><![CDATA[false]]></hideWhiteboard>
         <showMicrophoneStatus><![CDATA[false]]></showMicrophoneStatus>
         <chatModerated><![CDATA[false]]></chatModerated>
         <chatOpened><![CDATA[false]]></chatOpened>
         <filesOpened><![CDATA[false]]></filesOpened>
         <autoVideoSelect><![CDATA[false]]></autoVideoSelect>
         <room_moderators class="org.apache.openjpa.util.java$util$ArrayList$proxy"/>
         <sipEnabled><![CDATA[false]]></sipEnabled>
      </room>
      <room>
         <rooms_id><![CDATA[10]]></rooms_id>
         <name><![CDATA[room 2.1]]></name>
         <comment><![CDATA[test room]]></comment>
         <roomtypeId><![CDATA[4]]></roomtypeId>
         <deleted><![CDATA[false]]></deleted>
         <ispublic><![CDATA[false]]></ispublic>
         <numberOfPartizipants><![CDATA[25]]></numberOfPartizipants>
         <appointment><![CDATA[false]]></appointment>
         <externalRoomId><![CDATA[0]]></externalRoomId>
         <externalRoomType><![CDATA[null]]></externalRoomType>
         <isDemoRoom><![CDATA[false]]></isDemoRoom>
         <demoTime><![CDATA[0]]></demoTime>
         <isModeratedRoom><![CDATA[false]]></isModeratedRoom>
         <allowUserQuestions><![CDATA[true]]></allowUserQuestions>
         <isAudioOnly><![CDATA[false]]></isAudioOnly>
         <allowFontStyles><![CDATA[false]]></allowFontStyles>
         <isClosed><![CDATA[false]]></isClosed>
         <ownerid><![CDATA[0]]></ownerid>
         <waitForRecording><![CDATA[false]]></waitForRecording>
         <allowRecording><![CDATA[false]]></allowRecording>
         <hideTopBar><![CDATA[false]]></hideTopBar>
         <hideChat><![CDATA[false]]></hideChat>
         <hideActivitiesAndActions><![CDATA[false]]></hideActivitiesAndActions>
         <hideFilesExplorer><![CDATA[false]]></hideFilesExplorer>
         <hideActionsMenu><![CDATA[false]]></hideActionsMenu>
         <hideScreenSharing><![CDATA[false]]></hideScreenSharing>
         <hideWhiteboard><![CDATA[false]]></hideWhiteboard>
         <showMicrophoneStatus><![CDATA[false]]></showMicrophoneStatus>
         <chatModerated><![CDATA[false]]></chatModerated>
         <chatOpened><![CDATA[false]]></chatOpened>
         <filesOpened><![CDATA[false]]></filesOpened>
         <autoVideoSelect><![CDATA[false]]></autoVideoSelect>
         <room_moderators class="org.apache.openjpa.util.java$util$ArrayList$proxy"/>
         <sipEnabled><![CDATA[false]]></sipEnabled>
      </room>
      <room>
         <rooms_id><![CDATA[11]]></rooms_id>
         <name><![CDATA[Новое событие]]></name>
         <roomtypeId><![CDATA[1]]></roomtypeId>
         <deleted><![CDATA[false]]></deleted>
         <ispublic><![CDATA[true]]></ispublic>
         <numberOfPartizipants><![CDATA[50]]></numberOfPartizipants>
         <appointment><![CDATA[true]]></appointment>
         <externalRoomId><![CDATA[0]]></externalRoomId>
         <externalRoomType><![CDATA[null]]></externalRoomType>
         <isDemoRoom><![CDATA[false]]></isDemoRoom>
         <demoTime><![CDATA[0]]></demoTime>
         <isModeratedRoom><![CDATA[false]]></isModeratedRoom>
         <allowUserQuestions><![CDATA[true]]></allowUserQuestions>
         <isAudioOnly><![CDATA[false]]></isAudioOnly>
         <allowFontStyles><![CDATA[false]]></allowFontStyles>
         <isClosed><![CDATA[false]]></isClosed>
         <hideTopBar><![CDATA[false]]></hideTopBar>
         <hideChat><![CDATA[false]]></hideChat>
         <hideActivitiesAndActions><![CDATA[false]]></hideActivitiesAndActions>
         <hideFilesExplorer><![CDATA[false]]></hideFilesExplorer>
         <hideActionsMenu><![CDATA[false]]></hideActionsMenu>
         <hideScreenSharing><![CDATA[false]]></hideScreenSharing>
         <hideWhiteboard><![CDATA[false]]></hideWhiteboard>
         <showMicrophoneStatus><![CDATA[false]]></showMicrophoneStatus>
         <chatModerated><![CDATA[false]]></chatModerated>
         <chatOpened><![CDATA[false]]></chatOpened>
         <filesOpened><![CDATA[false]]></filesOpened>
         <autoVideoSelect><![CDATA[false]]></autoVideoSelect>
         <room_moderators class="org.apache.openjpa.util.java$util$ArrayList$proxy"/>
         <sipEnabled><![CDATA[false]]></sipEnabled>
      </room>
      <room>
         <rooms_id><![CDATA[12]]></rooms_id>
         <name><![CDATA[room 3.0]]></name>
         <roomtypeId><![CDATA[1]]></roomtypeId>
         <deleted><![CDATA[false]]></deleted>
         <ispublic><![CDATA[true]]></ispublic>
         <numberOfPartizipants><![CDATA[4]]></numberOfPartizipants>
         <appointment><![CDATA[false]]></appointment>
         <isDemoRoom><![CDATA[false]]></isDemoRoom>
         <isModeratedRoom><![CDATA[false]]></isModeratedRoom>
         <allowUserQuestions><![CDATA[false]]></allowUserQuestions>
         <isAudioOnly><![CDATA[false]]></isAudioOnly>
         <allowFontStyles><![CDATA[false]]></allowFontStyles>
         <isClosed><![CDATA[false]]></isClosed>
         <waitForRecording><![CDATA[true]]></waitForRecording>
         <allowRecording><![CDATA[true]]></allowRecording>
         <hideTopBar><![CDATA[false]]></hideTopBar>
         <hideChat><![CDATA[false]]></hideChat>
         <hideActivitiesAndActions><![CDATA[false]]></hideActivitiesAndActions>
         <hideFilesExplorer><![CDATA[false]]></hideFilesExplorer>
         <hideActionsMenu><![CDATA[false]]></hideActionsMenu>
         <hideScreenSharing><![CDATA[false]]></hideScreenSharing>
         <hideWhiteboard><![CDATA[false]]></hideWhiteboard>
         <showMicrophoneStatus><![CDATA[false]]></showMicrophoneStatus>
         <chatModerated><![CDATA[false]]></chatModerated>
         <chatOpened><![CDATA[false]]></chatOpened>
         <filesOpened><![CDATA[false]]></filesOpened>
         <autoVideoSelect><![CDATA[false]]></autoVideoSelect>
         <room_moderators class="org.apache.openjpa.util.java$util$ArrayList$proxy"/>
         <sipEnabled><![CDATA[false]]></sipEnabled>
      </room>
      <room>
         <rooms_id><![CDATA[13]]></rooms_id>
         <name><![CDATA[Новое событие]]></name>
         <roomtypeId><![CDATA[1]]></roomtypeId>
         <deleted><![CDATA[false]]></deleted>
         <ispublic><![CDATA[false]]></ispublic>
         <numberOfPartizipants><![CDATA[50]]></numberOfPartizipants>
         <appointment><![CDATA[true]]></appointment>
         <allowFontStyles><![CDATA[false]]></allowFontStyles>
         <hideTopBar><![CDATA[false]]></hideTopBar>
         <hideChat><![CDATA[false]]></hideChat>
         <hideActivitiesAndActions><![CDATA[false]]></hideActivitiesAndActions>
         <hideFilesExplorer><![CDATA[false]]></hideFilesExplorer>
         <hideActionsMenu><![CDATA[false]]></hideActionsMenu>
         <hideScreenSharing><![CDATA[false]]></hideScreenSharing>
         <hideWhiteboard><![CDATA[false]]></hideWhiteboard>
         <showMicrophoneStatus><![CDATA[false]]></showMicrophoneStatus>
         <chatModerated><![CDATA[false]]></chatModerated>
         <chatOpened><![CDATA[false]]></chatOpened>
         <filesOpened><![CDATA[false]]></filesOpened>
         <autoVideoSelect><![CDATA[false]]></autoVideoSelect>
         <room_moderators class="org.apache.openjpa.util.java$util$ArrayList$proxy"/>
         <sipEnabled><![CDATA[false]]></sipEnabled>
      </room>
   </rooms>
</root>