<?xml version="1.0" encoding="UTF-8"?>
<!-- ###############################################
This File is auto-generated by the Backup Tool 
you should use the BackupPanel to modify or change this file 
see http://openmeetings.apache.org/Upgrade.html for Details 
###############################################
 --><root>
   <users>
      <user>
         <user_id><![CDATA[1]]></user_id>
         <age class="java.util.Date"><![CDATA[1360170000000]]></age>
         <availible><![CDATA[0]]></availible>
         <firstname><![CDATA[firstname]]></firstname>
         <lastname><![CDATA[lastname]]></lastname>
         <lasttrans><![CDATA[0]]></lasttrans>
         <level_id><![CDATA[3]]></level_id>
         <login><![CDATA[admin]]></login>
         <pass><![CDATA[21232f297a57a5a743894a0e4a801fc3]]></pass>
         <regdate class="java.util.Date"><![CDATA[1360223034000]]></regdate>
         <status><![CDATA[1]]></status>
         <title_id><![CDATA[1]]></title_id>
         <pictureuri><![CDATA[Mutedialog.jpg]]></pictureuri>
         <deleted><![CDATA[false]]></deleted>
         <language_id><![CDATA[9]]></language_id>
         <activatehash><![CDATA[6b7efef4f3986d5becd85c867df7e967]]></activatehash>
         <address>
            <additionalname><![CDATA[no]]></additionalname>
            <state_id><![CDATA[1]]></state_id>
            <street><![CDATA[street]]></street>
            <town><![CDATA[town]]></town>
            <zip><![CDATA[zip]]></zip>
            <mail><![CDATA[admin@mail.ru]]></mail>
            <phone><![CDATA[phone]]></phone>
         </address>
         <organisations class="org.apache.openjpa.util.java$util$ArrayList$proxy">
            <user_organisation>
               <organisation_id><![CDATA[1]]></organisation_id>
               <deleted><![CDATA[false]]></deleted>
               <isModerator><![CDATA[false]]></isModerator>
            </user_organisation>
         </organisations>
         <timeZoneId><![CDATA[Asia/Jakarta]]></timeZoneId>
         <forceTimeZoneCheck><![CDATA[false]]></forceTimeZoneCheck>
         <sendSMS>false</sendSMS>
         <showContactData><![CDATA[false]]></showContactData>
         <showContactDataToContacts><![CDATA[true]]></showContactDataToContacts>
         <type><![CDATA[user]]></type>
      </user>
      <user>
         <user_id><![CDATA[2]]></user_id>
         <age class="java.util.Date"><![CDATA[1360170000000]]></age>
         <availible><![CDATA[0]]></availible>
         <firstname><![CDATA[Василий]]></firstname>
         <lastname><![CDATA[Дегтярев]]></lastname>
         <lasttrans><![CDATA[0]]></lasttrans>
         <level_id><![CDATA[3]]></level_id>
         <login><![CDATA[vasya]]></login>
         <pass><![CDATA[7d590ce90476efc0250a681c8b6b85fc]]></pass>
         <regdate class="java.util.Date"><![CDATA[1360223152000]]></regdate>
         <status><![CDATA[1]]></status>
         <title_id><![CDATA[1]]></title_id>
         <pictureuri><![CDATA[photo.jpg]]></pictureuri>
         <deleted><![CDATA[false]]></deleted>
         <language_id><![CDATA[9]]></language_id>
         <activatehash><![CDATA[e0d46a4c633eb10e53415d8c7bd3abd0]]></activatehash>
         <address/>
         <organisations class="org.apache.openjpa.util.java$util$ArrayList$proxy">
            <user_organisation>
               <organisation_id><![CDATA[1]]></organisation_id>
               <deleted><![CDATA[false]]></deleted>
               <isModerator><![CDATA[false]]></isModerator>
            </user_organisation>
         </organisations>
         <timeZoneId><![CDATA[Asia/Jakarta]]></timeZoneId>
         <forceTimeZoneCheck><![CDATA[false]]></forceTimeZoneCheck>
         <sendSMS>false</sendSMS>
         <showContactData><![CDATA[false]]></showContactData>
         <showContactDataToContacts><![CDATA[false]]></showContactDataToContacts>
         <type><![CDATA[user]]></type>
      </user>
      <user>
         <user_id><![CDATA[3]]></user_id>
         <firstname><![CDATA[]]></firstname>
         <lastname><![CDATA[]]></lastname>
         <login><![CDATA[1_email@server.com]]></login>
         <deleted><![CDATA[false]]></deleted>
         <language_id><![CDATA[9]]></language_id>
         <address>
            <mail><![CDATA[email@server.com]]></mail>
         </address>
         <organisations class="org.apache.openjpa.util.java$util$ArrayList$proxy"/>
         <timeZoneId><![CDATA[Asia/Jakarta]]></timeZoneId>
         <sendSMS>false</sendSMS>
         <type><![CDATA[contact]]></type>
         <ownerId><![CDATA[1]]></ownerId>
      </user>
      <user>
         <user_id><![CDATA[4]]></user_id>
         <login><![CDATA[2_vdegtyarev1964@gmail.com]]></login>
         <deleted><![CDATA[false]]></deleted>
         <language_id><![CDATA[9]]></language_id>
         <address>
            <mail><![CDATA[vdegtyarev1964@gmail.com]]></mail>
         </address>
         <organisations class="org.apache.openjpa.util.java$util$ArrayList$proxy"/>
         <timeZoneId><![CDATA[Asia/Jakarta]]></timeZoneId>
         <sendSMS>false</sendSMS>
         <type><![CDATA[contact]]></type>
         <ownerId><![CDATA[2]]></ownerId>
      </user>
      <user>
         <user_id><![CDATA[5]]></user_id>
         <age class="java.util.Date"><![CDATA[1421600400000]]></age>
         <firstname><![CDATA[User]]></firstname>
         <lastname><![CDATA[Test]]></lastname>
         <level_id><![CDATA[1]]></level_id>
         <login><![CDATA[test]]></login>
         <pass><![CDATA[827ccb0eea8a706c4c34a16891f84e7b]]></pass>
         <status><![CDATA[1]]></status>
         <title_id><![CDATA[1]]></title_id>
         <deleted><![CDATA[false]]></deleted>
         <language_id><![CDATA[1]]></language_id>
         <address>
            <state_id><![CDATA[1]]></state_id>
            <mail><![CDATA[test@mail.com]]></mail>
         </address>
         <organisations class="org.apache.openjpa.util.java$util$ArrayList$proxy">
            <user_organisation>
               <organisation_id><![CDATA[1]]></organisation_id>
               <deleted><![CDATA[false]]></deleted>
            </user_organisation>
         </organisations>
         <timeZoneId><![CDATA[Asia/Jakarta]]></timeZoneId>
         <forceTimeZoneCheck><![CDATA[false]]></forceTimeZoneCheck>
         <sendSMS>false</sendSMS>
         <showContactData><![CDATA[false]]></showContactData>
         <showContactDataToContacts><![CDATA[false]]></showContactDataToContacts>
         <type><![CDATA[user]]></type>
      </user>
   </users>
</root>