<?xml version="1.0" encoding="UTF-8"?>

<!--###############################################
This File is auto-generated by the Backup Tool 
you should use the BackupPanel to modify or change this file 
see http://code.google.com/p/openmeetings/wiki/BackupPanel for Details 
###############################################-->
<root>
  <rooms>
    <room>
      <name>public Interview Room</name>
      <rooms_id>1</rooms_id>
      <deleted>false</deleted>
      <comment></comment>
      <numberOfPartizipants>16</numberOfPartizipants>
      <appointment>false</appointment>
      <externalRoomId>null</externalRoomId>
      <externalRoomType>null</externalRoomType>
      <roomtypeId>4</roomtypeId>
      <isDemoRoom>false</isDemoRoom>
      <demoTime>null</demoTime>
      <isModeratedRoom>false</isModeratedRoom>
      <allowUserQuestions>true</allowUserQuestions>
      <isAudioOnly>false</isAudioOnly>
      <sipNumber>null</sipNumber>
      <conferencePin>null</conferencePin>
      <ispublic>true</ispublic>
      <isClosed>false</isClosed>
      <redirectURL></redirectURL>
      <room_moderators/>
    </room>
    <room>
      <name>public Conference Room</name>
      <rooms_id>2</rooms_id>
      <deleted>false</deleted>
      <comment></comment>
      <numberOfPartizipants>32</numberOfPartizipants>
      <appointment>false</appointment>
      <externalRoomId>null</externalRoomId>
      <externalRoomType>null</externalRoomType>
      <roomtypeId>1</roomtypeId>
      <isDemoRoom>false</isDemoRoom>
      <demoTime>null</demoTime>
      <isModeratedRoom>false</isModeratedRoom>
      <allowUserQuestions>true</allowUserQuestions>
      <isAudioOnly>false</isAudioOnly>
      <sipNumber>null</sipNumber>
      <conferencePin>null</conferencePin>
      <ispublic>true</ispublic>
      <isClosed>false</isClosed>
      <redirectURL></redirectURL>
      <room_moderators/>
    </room>
    <room>
      <name>public Video Only Room</name>
      <rooms_id>3</rooms_id>
      <deleted>false</deleted>
      <comment></comment>
      <numberOfPartizipants>32</numberOfPartizipants>
      <appointment>false</appointment>
      <externalRoomId>null</externalRoomId>
      <externalRoomType>null</externalRoomType>
      <roomtypeId>1</roomtypeId>
      <isDemoRoom>false</isDemoRoom>
      <demoTime>null</demoTime>
      <isModeratedRoom>false</isModeratedRoom>
      <allowUserQuestions>true</allowUserQuestions>
      <isAudioOnly>false</isAudioOnly>
      <sipNumber>null</sipNumber>
      <conferencePin>null</conferencePin>
      <ispublic>true</ispublic>
      <isClosed>false</isClosed>
      <redirectURL></redirectURL>
      <room_moderators/>
    </room>
    <room>
      <name>public Video And Whiteboard Room</name>
      <rooms_id>4</rooms_id>
      <deleted>false</deleted>
      <comment></comment>
      <numberOfPartizipants>32</numberOfPartizipants>
      <appointment>false</appointment>
      <externalRoomId>null</externalRoomId>
      <externalRoomType>null</externalRoomType>
      <roomtypeId>1</roomtypeId>
      <isDemoRoom>false</isDemoRoom>
      <demoTime>null</demoTime>
      <isModeratedRoom>false</isModeratedRoom>
      <allowUserQuestions>true</allowUserQuestions>
      <isAudioOnly>false</isAudioOnly>
      <sipNumber>null</sipNumber>
      <conferencePin>null</conferencePin>
      <ispublic>true</ispublic>
      <isClosed>false</isClosed>
      <redirectURL></redirectURL>
      <room_moderators/>
    </room>
    <room>
      <name>public Restricted Room</name>
      <rooms_id>5</rooms_id>
      <deleted>false</deleted>
      <comment></comment>
      <numberOfPartizipants>100</numberOfPartizipants>
      <appointment>false</appointment>
      <externalRoomId>null</externalRoomId>
      <externalRoomType>null</externalRoomType>
      <roomtypeId>3</roomtypeId>
      <isDemoRoom>false</isDemoRoom>
      <demoTime>null</demoTime>
      <isModeratedRoom>false</isModeratedRoom>
      <allowUserQuestions>true</allowUserQuestions>
      <isAudioOnly>false</isAudioOnly>
      <sipNumber>null</sipNumber>
      <conferencePin>null</conferencePin>
      <ispublic>true</ispublic>
      <isClosed>false</isClosed>
      <redirectURL></redirectURL>
      <room_moderators/>
    </room>
    <room>
      <name>private Conference Room</name>
      <rooms_id>6</rooms_id>
      <deleted>false</deleted>
      <comment></comment>
      <numberOfPartizipants>32</numberOfPartizipants>
      <appointment>false</appointment>
      <externalRoomId>null</externalRoomId>
      <externalRoomType>null</externalRoomType>
      <roomtypeId>1</roomtypeId>
      <isDemoRoom>false</isDemoRoom>
      <demoTime>null</demoTime>
      <isModeratedRoom>false</isModeratedRoom>
      <allowUserQuestions>true</allowUserQuestions>
      <isAudioOnly>false</isAudioOnly>
      <sipNumber>null</sipNumber>
      <conferencePin>null</conferencePin>
      <ispublic>false</ispublic>
      <isClosed>false</isClosed>
      <redirectURL></redirectURL>
      <room_moderators/>
    </room>
    <room>
      <name>public Audience Room</name>
      <rooms_id>7</rooms_id>
      <deleted>false</deleted>
      <comment></comment>
      <numberOfPartizipants>32</numberOfPartizipants>
      <appointment>false</appointment>
      <externalRoomId>null</externalRoomId>
      <externalRoomType>null</externalRoomType>
      <roomtypeId>2</roomtypeId>
      <isDemoRoom>false</isDemoRoom>
      <demoTime>null</demoTime>
      <isModeratedRoom>false</isModeratedRoom>
      <allowUserQuestions>true</allowUserQuestions>
      <isAudioOnly>false</isAudioOnly>
      <sipNumber>null</sipNumber>
      <conferencePin>null</conferencePin>
      <ispublic>true</ispublic>
      <isClosed>false</isClosed>
      <redirectURL></redirectURL>
      <room_moderators/>
    </room>
    <room>
      <name>private Audience Room</name>
      <rooms_id>8</rooms_id>
      <deleted>false</deleted>
      <comment></comment>
      <numberOfPartizipants>32</numberOfPartizipants>
      <appointment>false</appointment>
      <externalRoomId>null</externalRoomId>
      <externalRoomType>null</externalRoomType>
      <roomtypeId>2</roomtypeId>
      <isDemoRoom>false</isDemoRoom>
      <demoTime>null</demoTime>
      <isModeratedRoom>false</isModeratedRoom>
      <allowUserQuestions>true</allowUserQuestions>
      <isAudioOnly>false</isAudioOnly>
      <sipNumber>null</sipNumber>
      <conferencePin>null</conferencePin>
      <ispublic>false</ispublic>
      <isClosed>false</isClosed>
      <redirectURL></redirectURL>
      <room_moderators/>
    </room>
    <room>
      <name>test</name>
      <rooms_id>9</rooms_id>
      <deleted>false</deleted>
      <comment>test room</comment>
      <numberOfPartizipants>25</numberOfPartizipants>
      <appointment>false</appointment>
      <externalRoomId>null</externalRoomId>
      <externalRoomType>null</externalRoomType>
      <roomtypeId>1</roomtypeId>
      <isDemoRoom>false</isDemoRoom>
      <demoTime>null</demoTime>
      <isModeratedRoom>false</isModeratedRoom>
      <allowUserQuestions>true</allowUserQuestions>
      <isAudioOnly>false</isAudioOnly>
      <sipNumber>null</sipNumber>
      <conferencePin>null</conferencePin>
      <ispublic>false</ispublic>
      <isClosed>false</isClosed>
      <redirectURL></redirectURL>
      <room_moderators/>
    </room>
    <room>
      <name>New Event</name>
      <rooms_id>10</rooms_id>
      <deleted>false</deleted>
      <comment></comment>
      <numberOfPartizipants>8</numberOfPartizipants>
      <appointment>true</appointment>
      <externalRoomId>null</externalRoomId>
      <externalRoomType>null</externalRoomType>
      <roomtypeId>1</roomtypeId>
      <isDemoRoom>false</isDemoRoom>
      <demoTime>null</demoTime>
      <isModeratedRoom>false</isModeratedRoom>
      <allowUserQuestions>true</allowUserQuestions>
      <isAudioOnly>false</isAudioOnly>
      <sipNumber>null</sipNumber>
      <conferencePin>null</conferencePin>
      <ispublic>true</ispublic>
      <isClosed>false</isClosed>
      <redirectURL></redirectURL>
      <room_moderators/>
    </room>
    <room>
      <name>New Event</name>
      <rooms_id>11</rooms_id>
      <deleted>false</deleted>
      <comment></comment>
      <numberOfPartizipants>8</numberOfPartizipants>
      <appointment>true</appointment>
      <externalRoomId>null</externalRoomId>
      <externalRoomType>null</externalRoomType>
      <roomtypeId>1</roomtypeId>
      <isDemoRoom>false</isDemoRoom>
      <demoTime>null</demoTime>
      <isModeratedRoom>false</isModeratedRoom>
      <allowUserQuestions>true</allowUserQuestions>
      <isAudioOnly>false</isAudioOnly>
      <sipNumber>null</sipNumber>
      <conferencePin>null</conferencePin>
      <ispublic>true</ispublic>
      <isClosed>false</isClosed>
      <redirectURL></redirectURL>
      <room_moderators/>
    </room>
  </rooms>
</root>
