<dashboard>
  <id>default</id>
  <title>Default</title>
  <columnCount>2</columnCount>
  <widgets>
    <org.apache.openmeetings.web.user.dashboard.WelcomeWidget>
      <id>4d111afe-e970-4a1c-bfaf-420e30518993</id>
      <title>Добро пожаловать</title>
      <collapsed>false</collapsed>
      <settings/>
      <location>
        <column>0</column>
        <row>0</row>
      </location>
    </org.apache.openmeetings.web.user.dashboard.WelcomeWidget>
    <org.apache.openmeetings.web.user.dashboard.StartWidget>
      <id>a86cfa15-0a28-4704-855b-2c095f3eee7a</id>
      <title>Как участвовать в конференции:</title>
      <collapsed>false</collapsed>
      <settings/>
      <location>
        <column>1</column>
        <row>0</row>
      </location>
    </org.apache.openmeetings.web.user.dashboard.StartWidget>
  </widgets>
</dashboard>