<?xml version="1.0" encoding="UTF-8"?>

<!--###############################################
This File is auto-generated by the Backup Tool 
you should use the BackupPanel to modify or change this file 
see http://code.google.com/p/openmeetings/wiki/BackupPanel for Details 
###############################################-->
<root>
  <appointments>
    <appointment>
      <appointmentId><![CDATA[1]]></appointmentId>
      <appointmentName><![CDATA[New Event]]></appointmentName>
      <appointmentLocation><![CDATA[]]></appointmentLocation>
      <appointmentDescription><![CDATA[]]></appointmentDescription>
      <appointmentStarttime><![CDATA[05.02.2013 18:00:00]]></appointmentStarttime>
      <appointmentEndtime><![CDATA[05.02.2013 19:00:00]]></appointmentEndtime>
      <categoryId><![CDATA[1]]></categoryId>
      <users_id><![CDATA[2]]></users_id>
      <deleted><![CDATA[false]]></deleted>
      <comment><![CDATA[null]]></comment>
      <typId><![CDATA[3]]></typId>
      <isDaily><![CDATA[false]]></isDaily>
      <isWeekly><![CDATA[false]]></isWeekly>
      <isMonthly><![CDATA[false]]></isMonthly>
      <isYearly><![CDATA[false]]></isYearly>
      <room_id><![CDATA[10]]></room_id>
      <icalId><![CDATA[20130206T044630Z-uidGen@192.168.72.116]]></icalId>
      <language_id><![CDATA[9]]></language_id>
      <isPasswordProtected><![CDATA[false]]></isPasswordProtected>
      <password><![CDATA[]]></password>
    </appointment>
    <appointment>
      <appointmentId><![CDATA[2]]></appointmentId>
      <appointmentName><![CDATA[New Event]]></appointmentName>
      <appointmentLocation><![CDATA[]]></appointmentLocation>
      <appointmentDescription><![CDATA[]]></appointmentDescription>
      <appointmentStarttime><![CDATA[05.02.2013 17:45:00]]></appointmentStarttime>
      <appointmentEndtime><![CDATA[05.02.2013 18:45:00]]></appointmentEndtime>
      <categoryId><![CDATA[1]]></categoryId>
      <users_id><![CDATA[2]]></users_id>
      <deleted><![CDATA[false]]></deleted>
      <comment><![CDATA[null]]></comment>
      <typId><![CDATA[3]]></typId>
      <isDaily><![CDATA[false]]></isDaily>
      <isWeekly><![CDATA[false]]></isWeekly>
      <isMonthly><![CDATA[false]]></isMonthly>
      <isYearly><![CDATA[false]]></isYearly>
      <room_id><![CDATA[11]]></room_id>
      <icalId><![CDATA[20130206T055033Z-uidGen@192.168.72.116]]></icalId>
      <language_id><![CDATA[9]]></language_id>
      <isPasswordProtected><![CDATA[false]]></isPasswordProtected>
      <password><![CDATA[]]></password>
    </appointment>
  </appointments>
</root>
