<?xml version="1.0" encoding="UTF-8"?>

<!--###############################################
This File is auto-generated by the Backup Tool 
you should use the BackupPanel to modify or change this file 
see http://code.google.com/p/openmeetings/wiki/BackupPanel for Details 
###############################################-->
<root>
  <fileExplorerItems>
    <fileExplorerItem>
      <fileExplorerItemId><![CDATA[1]]></fileExplorerItemId>
      <fileName><![CDATA[Тестплан.doc]]></fileName>
      <fileHash><![CDATA[b5017c8dfa44f9216f97bc2196d46cfe]]></fileHash>
      <parentFileExplorerItemId><![CDATA[0]]></parentFileExplorerItemId>
      <room_id><![CDATA[9]]></room_id>
      <ownerId><![CDATA[2]]></ownerId>
      <isFolder><![CDATA[false]]></isFolder>
      <isImage><![CDATA[false]]></isImage>
      <isPresentation><![CDATA[true]]></isPresentation>
      <isVideo><![CDATA[null]]></isVideo>
      <insertedBy><![CDATA[2]]></insertedBy>
      <inserted><![CDATA[05.02.2013 13:42:36]]></inserted>
      <updated><![CDATA[05.02.2013 13:50:59]]></updated>
      <deleted><![CDATA[true]]></deleted>
      <fileSize><![CDATA[null]]></fileSize>
      <flvWidth><![CDATA[null]]></flvWidth>
      <flvHeight><![CDATA[null]]></flvHeight>
      <previewImage><![CDATA[null]]></previewImage>
      <wmlFilePath><![CDATA[]]></wmlFilePath>
      <isStoredWmlFile><![CDATA[false]]></isStoredWmlFile>
      <isChart><![CDATA[false]]></isChart>
    </fileExplorerItem>
    <fileExplorerItem>
      <fileExplorerItemId><![CDATA[2]]></fileExplorerItemId>
      <fileName><![CDATA[Тестплан.doc]]></fileName>
      <fileHash><![CDATA[66cbb0f2e3fb2bb929993c642e033952]]></fileHash>
      <parentFileExplorerItemId><![CDATA[0]]></parentFileExplorerItemId>
      <room_id><![CDATA[9]]></room_id>
      <ownerId><![CDATA[2]]></ownerId>
      <isFolder><![CDATA[false]]></isFolder>
      <isImage><![CDATA[false]]></isImage>
      <isPresentation><![CDATA[true]]></isPresentation>
      <isVideo><![CDATA[null]]></isVideo>
      <insertedBy><![CDATA[2]]></insertedBy>
      <inserted><![CDATA[05.02.2013 13:51:14]]></inserted>
      <updated><![CDATA[05.02.2013 13:51:14]]></updated>
      <deleted><![CDATA[false]]></deleted>
      <fileSize><![CDATA[null]]></fileSize>
      <flvWidth><![CDATA[null]]></flvWidth>
      <flvHeight><![CDATA[null]]></flvHeight>
      <previewImage><![CDATA[null]]></previewImage>
      <wmlFilePath><![CDATA[]]></wmlFilePath>
      <isStoredWmlFile><![CDATA[false]]></isStoredWmlFile>
      <isChart><![CDATA[false]]></isChart>
    </fileExplorerItem>
    <fileExplorerItem>
      <fileExplorerItemId><![CDATA[3]]></fileExplorerItemId>
      <fileName><![CDATA[Результаты тестирования.doc]]></fileName>
      <fileHash><![CDATA[8b8d79a69365700892e622f0bf75d42a]]></fileHash>
      <parentFileExplorerItemId><![CDATA[0]]></parentFileExplorerItemId>
      <room_id><![CDATA[7]]></room_id>
      <ownerId><![CDATA[2]]></ownerId>
      <isFolder><![CDATA[false]]></isFolder>
      <isImage><![CDATA[false]]></isImage>
      <isPresentation><![CDATA[true]]></isPresentation>
      <isVideo><![CDATA[null]]></isVideo>
      <insertedBy><![CDATA[2]]></insertedBy>
      <inserted><![CDATA[06.02.2013 10:35:25]]></inserted>
      <updated><![CDATA[06.02.2013 10:35:25]]></updated>
      <deleted><![CDATA[false]]></deleted>
      <fileSize><![CDATA[null]]></fileSize>
      <flvWidth><![CDATA[null]]></flvWidth>
      <flvHeight><![CDATA[null]]></flvHeight>
      <previewImage><![CDATA[null]]></previewImage>
      <wmlFilePath><![CDATA[]]></wmlFilePath>
      <isStoredWmlFile><![CDATA[false]]></isStoredWmlFile>
      <isChart><![CDATA[false]]></isChart>
    </fileExplorerItem>
    <fileExplorerItem>
      <fileExplorerItemId><![CDATA[4]]></fileExplorerItemId>
      <fileName><![CDATA[Results.doc]]></fileName>
      <fileHash><![CDATA[bf7026168f9849fa3a8bd2c22bb6719a]]></fileHash>
      <parentFileExplorerItemId><![CDATA[0]]></parentFileExplorerItemId>
      <room_id><![CDATA[7]]></room_id>
      <ownerId><![CDATA[2]]></ownerId>
      <isFolder><![CDATA[false]]></isFolder>
      <isImage><![CDATA[false]]></isImage>
      <isPresentation><![CDATA[true]]></isPresentation>
      <isVideo><![CDATA[null]]></isVideo>
      <insertedBy><![CDATA[2]]></insertedBy>
      <inserted><![CDATA[06.02.2013 10:49:45]]></inserted>
      <updated><![CDATA[06.02.2013 10:49:45]]></updated>
      <deleted><![CDATA[false]]></deleted>
      <fileSize><![CDATA[null]]></fileSize>
      <flvWidth><![CDATA[null]]></flvWidth>
      <flvHeight><![CDATA[null]]></flvHeight>
      <previewImage><![CDATA[null]]></previewImage>
      <wmlFilePath><![CDATA[]]></wmlFilePath>
      <isStoredWmlFile><![CDATA[false]]></isStoredWmlFile>
      <isChart><![CDATA[false]]></isChart>
    </fileExplorerItem>
  </fileExplorerItems>
</root>
