<?xml version="1.0" encoding="UTF-8"?>

<!--###############################################
This File is auto-generated by the Backup Tool 
you should use the BackupPanel to modify or change this file 
see http://code.google.com/p/openmeetings/wiki/BackupPanel for Details 
###############################################-->
<root>
  <flvrecordings>
    <flvrecording>
      <alternateDownload><![CDATA[flvRecording_1.avi]]></alternateDownload>
      <comment><![CDATA[]]></comment>
      <deleted><![CDATA[false]]></deleted>
      <fileHash><![CDATA[flvRecording_1.flv]]></fileHash>
      <fileName><![CDATA[Recording 06.02.2013 13:26:48]]></fileName>
      <flvRecordingId><![CDATA[1]]></flvRecordingId>
      <previewImage><![CDATA[flvRecording_1.jpg]]></previewImage>
      <recorderStreamId><![CDATA[null]]></recorderStreamId>
      <fileSize><![CDATA[null]]></fileSize>
      <flvHeight><![CDATA[1328]]></flvHeight>
      <flvWidth><![CDATA[1664]]></flvWidth>
      <height><![CDATA[1331]]></height>
      <width><![CDATA[1664]]></width>
      <insertedBy><![CDATA[2]]></insertedBy>
      <organization_id><![CDATA[1]]></organization_id>
      <ownerId><![CDATA[2]]></ownerId>
      <parentFileExplorerItemId><![CDATA[null]]></parentFileExplorerItemId>
      <progressPostProcessing><![CDATA[0]]></progressPostProcessing>
      <room_id><![CDATA[7]]></room_id>
      <inserted><![CDATA[06.02.2013 13:26:48]]></inserted>
      <isFolder><![CDATA[false]]></isFolder>
      <isImage><![CDATA[false]]></isImage>
      <isInterview><![CDATA[false]]></isInterview>
      <isPresentation><![CDATA[false]]></isPresentation>
      <isRecording><![CDATA[true]]></isRecording>
      <recordEnd><![CDATA[06.02.2013 13:29:06]]></recordEnd>
      <recordStart><![CDATA[06.02.2013 13:26:48]]></recordStart>
      <flvrecordingmetadatas>
        <flvrecordingmetadata>
          <flvRecordingMetaDataId><![CDATA[1]]></flvRecordingMetaDataId>
          <freeTextUserName><![CDATA[Vasiliy Degtyarev]]></freeTextUserName>
          <fullWavAudioData><![CDATA[rec_1_stream_e48296492950e169e54cf4f903741081_06_02_2013_13_27_00_FINAL_WAVE.wav]]></fullWavAudioData>
          <streamName><![CDATA[rec_1_stream_e48296492950e169e54cf4f903741081_06_02_2013_13_27_00]]></streamName>
          <wavAudioData><![CDATA[null]]></wavAudioData>
          <initialGapSeconds><![CDATA[15237]]></initialGapSeconds>
          <insertedBy><![CDATA[null]]></insertedBy>
          <interiewPodId><![CDATA[null]]></interiewPodId>
          <audioIsValid><![CDATA[null]]></audioIsValid>
          <inserted><![CDATA[06.02.2013 13:27:05]]></inserted>
          <isAudioOnly><![CDATA[false]]></isAudioOnly>
          <isScreenData><![CDATA[true]]></isScreenData>
          <isVideoOnly><![CDATA[false]]></isVideoOnly>
          <recordEnd><![CDATA[06.02.2013 13:29:06]]></recordEnd>
          <recordStart><![CDATA[06.02.2013 13:27:15]]></recordStart>
          <updated><![CDATA[null]]></updated>
        </flvrecordingmetadata>
      </flvrecordingmetadatas>
    </flvrecording>
  </flvrecordings>
</root>
