<?xml version="1.0" encoding="UTF-8"?>

<!--###############################################
This File is auto-generated by the Backup Tool 
you should use the BackupPanel to modify or change this file 
see http://code.google.com/p/openmeetings/wiki/BackupPanel for Details 
###############################################-->
<root>
  <organisations>
    <organisation>
      <name><![CDATA[Unipro]]></name>
      <organisation_id><![CDATA[1]]></organisation_id>
      <deleted><![CDATA[false]]></deleted>
    </organisation>
    <organisation>
      <name><![CDATA[Test]]></name>
      <organisation_id><![CDATA[2]]></organisation_id>
      <deleted><![CDATA[false]]></deleted>
    </organisation>
  </organisations>
</root>
