<?xml version="1.0" encoding="UTF-8"?>

<!--###############################################
This File is auto-generated by the Backup Tool 
you should use the BackupPanel to modify or change this file 
see http://code.google.com/p/openmeetings/wiki/BackupPanel for Details 
###############################################-->
<root>
  <privatemessages>
    <privatemessage>
      <privateMessageId><![CDATA[1]]></privateMessageId>
      <message><![CDATA[Hi, firstname lastname<br/><br/>Vasiliy Degtyarev would like to add you as contact.<br/>Check your contact requests in OpenMeetings or click on those links to accept or deny the request<br/>]]></message>
      <subject><![CDATA[Vasiliy Degtyarev would like to add you as contact.]]></subject>
      <privateMessageFolderId><![CDATA[0]]></privateMessageFolderId>
      <userContactId><![CDATA[1]]></userContactId>
      <parentMessage><![CDATA[0]]></parentMessage>
      <bookedRoom><![CDATA[false]]></bookedRoom>
      <from><![CDATA[2]]></from>
      <to><![CDATA[1]]></to>
      <inserted><![CDATA[06.02.2013 13:57:37]]></inserted>
      <isContactRequest><![CDATA[true]]></isContactRequest>
      <isRead><![CDATA[false]]></isRead>
      <isTrash><![CDATA[false]]></isTrash>
      <owner><![CDATA[1]]></owner>
      <room><![CDATA[0]]></room>
    </privatemessage>
    <privatemessage>
      <privateMessageId><![CDATA[2]]></privateMessageId>
      <message><![CDATA[Привет]]></message>
      <subject><![CDATA[Привет]]></subject>
      <privateMessageFolderId><![CDATA[0]]></privateMessageFolderId>
      <userContactId><![CDATA[0]]></userContactId>
      <parentMessage><![CDATA[0]]></parentMessage>
      <bookedRoom><![CDATA[false]]></bookedRoom>
      <from><![CDATA[2]]></from>
      <to><![CDATA[1]]></to>
      <inserted><![CDATA[06.02.2013 14:28:29]]></inserted>
      <isContactRequest><![CDATA[false]]></isContactRequest>
      <isRead><![CDATA[false]]></isRead>
      <isTrash><![CDATA[false]]></isTrash>
      <owner><![CDATA[2]]></owner>
      <room><![CDATA[0]]></room>
    </privatemessage>
    <privatemessage>
      <privateMessageId><![CDATA[3]]></privateMessageId>
      <message><![CDATA[Привет]]></message>
      <subject><![CDATA[Привет]]></subject>
      <privateMessageFolderId><![CDATA[0]]></privateMessageFolderId>
      <userContactId><![CDATA[0]]></userContactId>
      <parentMessage><![CDATA[0]]></parentMessage>
      <bookedRoom><![CDATA[false]]></bookedRoom>
      <from><![CDATA[2]]></from>
      <to><![CDATA[1]]></to>
      <inserted><![CDATA[06.02.2013 14:28:29]]></inserted>
      <isContactRequest><![CDATA[false]]></isContactRequest>
      <isRead><![CDATA[false]]></isRead>
      <isTrash><![CDATA[false]]></isTrash>
      <owner><![CDATA[1]]></owner>
      <room><![CDATA[0]]></room>
    </privatemessage>
  </privatemessages>
</root>
