<?xml version="1.0" encoding="UTF-8"?>

<!--###############################################
This File is auto-generated by the Backup Tool 
you should use the BackupPanel to modify or change this file 
see http://code.google.com/p/openmeetings/wiki/BackupPanel for Details 
###############################################-->
<root>
  <usercontacts>
    <usercontact>
      <userContactId><![CDATA[1]]></userContactId>
      <hash><![CDATA[bb6abba1d00a8785c3a83ea30e84a884]]></hash>
      <contact><![CDATA[1]]></contact>
      <owner><![CDATA[2]]></owner>
      <pending><![CDATA[true]]></pending>
      <shareCalendar><![CDATA[null]]></shareCalendar>
    </usercontact>
  </usercontacts>
</root>
