<?xml version="1.0" encoding="UTF-8"?>

<!--###############################################
This File is auto-generated by the Backup Tool 
you should use the BackupPanel to modify or change this file 
see http://incubator.apache.org/openmeetings/Upgrade.html for Details 
###############################################-->
<root>
  <appointments>
    <appointment>
      <appointmentId><![CDATA[1]]></appointmentId>
      <appointmentName><![CDATA[Новое событие]]></appointmentName>
      <appointmentLocation><![CDATA[]]></appointmentLocation>
      <appointmentDescription><![CDATA[]]></appointmentDescription>
      <appointmentStarttime><![CDATA[1360832400675]]></appointmentStarttime>
      <appointmentEndtime><![CDATA[1360836000675]]></appointmentEndtime>
      <categoryId><![CDATA[1]]></categoryId>
      <users_id><![CDATA[1]]></users_id>
      <deleted><![CDATA[false]]></deleted>
      <typId><![CDATA[3]]></typId>
      <isDaily><![CDATA[false]]></isDaily>
      <isWeekly><![CDATA[false]]></isWeekly>
      <isMonthly><![CDATA[false]]></isMonthly>
      <isYearly><![CDATA[false]]></isYearly>
      <room_id><![CDATA[11]]></room_id>
      <icalId><![CDATA[20130213T091134Z-uidGen@192.168.72.116]]></icalId>
      <language_id><![CDATA[9]]></language_id>
      <isPasswordProtected><![CDATA[false]]></isPasswordProtected>
      <password><![CDATA[]]></password>
    </appointment>
  </appointments>
</root>
