<?xml version="1.0" encoding="UTF-8"?>

<!--###############################################
This File is auto-generated by the Backup Tool 
you should use the BackupPanel to modify or change this file 
see http://incubator.apache.org/openmeetings/Upgrade.html for Details 
###############################################-->
<root>
  <configs>
    <config>
      <id><![CDATA[3]]></id>
      <comment><![CDATA[]]></comment>
      <key><![CDATA[allow_frontend_register]]></key>
      <value><![CDATA[1]]></value>
      <deleted><![CDATA[false]]></deleted>
      <created><![CDATA[1360223034000]]></created>
      <updated><![CDATA[]]></updated>
      <user_id><![CDATA[null]]></user_id>
    </config>
    <config>
      <id><![CDATA[12]]></id>
      <comment><![CDATA[Name of the Browser Title window]]></comment>
      <key><![CDATA[application.name]]></key>
      <value><![CDATA[OpenMeetings]]></value>
      <deleted><![CDATA[false]]></deleted>
      <created><![CDATA[1360223034000]]></created>
      <updated><![CDATA[]]></updated>
      <user_id><![CDATA[null]]></user_id>
    </config>
    <config>
      <id><![CDATA[63]]></id>
      <comment><![CDATA[Default number of participants conference room created via calendar]]></comment>
      <key><![CDATA[calendar.conference.rooms.default.size]]></key>
      <value><![CDATA[50]]></value>
      <deleted><![CDATA[false]]></deleted>
      <created><![CDATA[1360223034000]]></created>
      <updated><![CDATA[]]></updated>
      <user_id><![CDATA[null]]></user_id>
    </config>
    <config>
      <id><![CDATA[1]]></id>
      <comment><![CDATA[This Class is used for Authentification-Crypting. Be carefull what you do here! If you change it while running previous Pass of users will not be workign anymore! for more Information see http://code.google.com/p/openmeetings/wiki/CustomCryptMechanism]]></comment>
      <key><![CDATA[crypt_ClassName]]></key>
      <value><![CDATA[org.openmeetings.utils.crypt.MD5Implementation]]></value>
      <deleted><![CDATA[false]]></deleted>
      <created><![CDATA[1360223034000]]></created>
      <updated><![CDATA[]]></updated>
      <user_id><![CDATA[null]]></user_id>
    </config>
    <config>
      <id><![CDATA[56]]></id>
      <comment><![CDATA[Show Chat Tab]]></comment>
      <key><![CDATA[dashboard.show.chat]]></key>
      <value><![CDATA[1]]></value>
      <deleted><![CDATA[false]]></deleted>
      <created><![CDATA[1360223034000]]></created>
      <updated><![CDATA[]]></updated>
      <user_id><![CDATA[null]]></user_id>
    </config>
    <config>
      <id><![CDATA[55]]></id>
      <comment><![CDATA[Show My Rooms Tab]]></comment>
      <key><![CDATA[dashboard.show.myrooms]]></key>
      <value><![CDATA[1]]></value>
      <deleted><![CDATA[false]]></deleted>
      <created><![CDATA[1360223034000]]></created>
      <updated><![CDATA[]]></updated>
      <user_id><![CDATA[null]]></user_id>
    </config>
    <config>
      <id><![CDATA[57]]></id>
      <comment><![CDATA[Show RSS Tab]]></comment>
      <key><![CDATA[dashboard.show.rssfeed]]></key>
      <value><![CDATA[0]]></value>
      <deleted><![CDATA[false]]></deleted>
      <created><![CDATA[1360223034000]]></created>
      <updated><![CDATA[]]></updated>
      <user_id><![CDATA[null]]></user_id>
    </config>
    <config>
      <id><![CDATA[54]]></id>
      <comment><![CDATA[Default selection in Dashboard tabs as tab-index-id]]></comment>
      <key><![CDATA[default.dashboard.tab]]></key>
      <value><![CDATA[0]]></value>
      <deleted><![CDATA[false]]></deleted>
      <created><![CDATA[1360223034000]]></created>
      <updated><![CDATA[]]></updated>
      <user_id><![CDATA[null]]></user_id>
    </config>
    <config>
      <id><![CDATA[53]]></id>
      <comment><![CDATA[Default selection in ScreenSharing Quality:
 0 - bigger frame rate, no resize
 1 - no resize
 2 - size == 1/2 of selected area
 3 - size == 3/8 of selected area]]></comment>
      <key><![CDATA[default.quality.screensharing]]></key>
      <value><![CDATA[1]]></value>
      <deleted><![CDATA[false]]></deleted>
      <created><![CDATA[1360223034000]]></created>
      <updated><![CDATA[]]></updated>
      <user_id><![CDATA[null]]></user_id>
    </config>
    <config>
      <id><![CDATA[27]]></id>
      <comment><![CDATA[The User-Id of the Control User in OpenMeetings]]></comment>
      <key><![CDATA[default.rpc.userid]]></key>
      <value><![CDATA[1]]></value>
      <deleted><![CDATA[false]]></deleted>
      <created><![CDATA[1360223034000]]></created>
      <updated><![CDATA[]]></updated>
      <user_id><![CDATA[null]]></user_id>
    </config>
    <config>
      <id><![CDATA[51]]></id>
      <comment><![CDATA[This is the default timezone if nothing is specified]]></comment>
      <key><![CDATA[default.timezone]]></key>
      <value><![CDATA[Asia/Jakarta]]></value>
      <deleted><![CDATA[false]]></deleted>
      <created><![CDATA[1360223034000]]></created>
      <updated><![CDATA[]]></updated>
      <user_id><![CDATA[null]]></user_id>
    </config>
    <config>
      <id><![CDATA[5]]></id>
      <comment><![CDATA[]]></comment>
      <key><![CDATA[default_domain_id]]></key>
      <value><![CDATA[1]]></value>
      <deleted><![CDATA[false]]></deleted>
      <created><![CDATA[1360223034000]]></created>
      <updated><![CDATA[]]></updated>
      <user_id><![CDATA[null]]></user_id>
    </config>
    <config>
      <id><![CDATA[26]]></id>
      <comment><![CDATA[The Name of the Font used for exporting/render Images from WhiteboardThe Font has to exist on the Server which runs Red5]]></comment>
      <key><![CDATA[default_export_font]]></key>
      <value><![CDATA[TimesNewRoman]]></value>
      <deleted><![CDATA[false]]></deleted>
      <created><![CDATA[1360223034000]]></created>
      <updated><![CDATA[]]></updated>
      <user_id><![CDATA[null]]></user_id>
    </config>
    <config>
      <id><![CDATA[4]]></id>
      <comment><![CDATA[]]></comment>
      <key><![CDATA[default_group_id]]></key>
      <value><![CDATA[1]]></value>
      <deleted><![CDATA[false]]></deleted>
      <created><![CDATA[1360223034000]]></created>
      <updated><![CDATA[]]></updated>
      <user_id><![CDATA[null]]></user_id>
    </config>
    <config>
      <id><![CDATA[13]]></id>
      <comment><![CDATA[Default System Language ID see language.xml]]></comment>
      <key><![CDATA[default_lang_id]]></key>
      <value><![CDATA[9]]></value>
      <deleted><![CDATA[false]]></deleted>
      <created><![CDATA[1360223034000]]></created>
      <updated><![CDATA[]]></updated>
      <user_id><![CDATA[null]]></user_id>
    </config>
    <config>
      <id><![CDATA[9]]></id>
      <comment><![CDATA[System auth email username]]></comment>
      <key><![CDATA[email_username]]></key>
      <value><![CDATA[info@dataved.ru]]></value>
      <deleted><![CDATA[false]]></deleted>
      <created><![CDATA[1360223034000]]></created>
      <updated><![CDATA[]]></updated>
      <user_id><![CDATA[null]]></user_id>
    </config>
    <config>
      <id><![CDATA[10]]></id>
      <comment><![CDATA[System auth email password]]></comment>
      <key><![CDATA[email_userpass]]></key>
      <value><![CDATA[lalala__info]]></value>
      <deleted><![CDATA[false]]></deleted>
      <created><![CDATA[1360223034000]]></created>
      <updated><![CDATA[1360223851000]]></updated>
      <user_id><![CDATA[2]]></user_id>
    </config>
    <config>
      <id><![CDATA[65]]></id>
      <comment><![CDATA[A hot key code for the 'give exclusive audio' functionality. Keycode 123 is F12]]></comment>
      <key><![CDATA[exclusive.audio.keycode]]></key>
      <value><![CDATA[123]]></value>
      <deleted><![CDATA[false]]></deleted>
      <created><![CDATA[1360223034000]]></created>
      <updated><![CDATA[]]></updated>
      <user_id><![CDATA[null]]></user_id>
    </config>
    <config>
      <id><![CDATA[19]]></id>
      <comment><![CDATA[Path To FFMPEG]]></comment>
      <key><![CDATA[ffmpeg_path]]></key>
      <value><![CDATA[]]></value>
      <deleted><![CDATA[false]]></deleted>
      <created><![CDATA[1360223034000]]></created>
      <updated><![CDATA[]]></updated>
      <user_id><![CDATA[null]]></user_id>
    </config>
    <config>
      <id><![CDATA[17]]></id>
      <comment><![CDATA[Path to ImageMagick tools]]></comment>
      <key><![CDATA[imagemagick_path]]></key>
      <value><![CDATA[]]></value>
      <deleted><![CDATA[false]]></deleted>
      <created><![CDATA[1360223034000]]></created>
      <updated><![CDATA[]]></updated>
      <user_id><![CDATA[null]]></user_id>
    </config>
    <config>
      <id><![CDATA[67]]></id>
      <comment><![CDATA[Set inviter's email address as ReplyTo in email invitations (1 == set, 0 == NOT set)]]></comment>
      <key><![CDATA[inviter.email.as.replyto]]></key>
      <value><![CDATA[1]]></value>
      <deleted><![CDATA[false]]></deleted>
      <created><![CDATA[1360223034000]]></created>
      <updated><![CDATA[]]></updated>
      <user_id><![CDATA[null]]></user_id>
    </config>
    <config>
      <id><![CDATA[21]]></id>
      <comment><![CDATA[The path to JOD library (http://code.google.com/p/jodconverter), configure the path to point to the lib directory of JOD that contains also the jodconverter-core-version.jar]]></comment>
      <key><![CDATA[jod.path]]></key>
      <value><![CDATA[C:\jodconverter-core-3.0-beta-4/lib]]></value>
      <deleted><![CDATA[false]]></deleted>
      <created><![CDATA[1360223034000]]></created>
      <updated><![CDATA[1360293394000]]></updated>
      <user_id><![CDATA[1]]></user_id>
    </config>
    <config>
      <id><![CDATA[66]]></id>
      <comment><![CDATA[Ldap domain selected by default in the login screen]]></comment>
      <key><![CDATA[ldap_default_id]]></key>
      <value><![CDATA[0]]></value>
      <deleted><![CDATA[false]]></deleted>
      <created><![CDATA[1360223034000]]></created>
      <updated><![CDATA[]]></updated>
      <user_id><![CDATA[null]]></user_id>
    </config>
    <config>
      <id><![CDATA[11]]></id>
      <comment><![CDATA[Enable TLS 1=true, 0=false]]></comment>
      <key><![CDATA[mail.smtp.starttls.enable]]></key>
      <value><![CDATA[0]]></value>
      <deleted><![CDATA[false]]></deleted>
      <created><![CDATA[1360223034000]]></created>
      <updated><![CDATA[1360238250000]]></updated>
      <user_id><![CDATA[1]]></user_id>
    </config>
    <config>
      <id><![CDATA[59]]></id>
      <comment><![CDATA[Maximum size of upload file (bytes)]]></comment>
      <key><![CDATA[max_upload_size]]></key>
      <value><![CDATA[1073741824]]></value>
      <deleted><![CDATA[false]]></deleted>
      <created><![CDATA[1360223034000]]></created>
      <updated><![CDATA[]]></updated>
      <user_id><![CDATA[null]]></user_id>
    </config>
    <config>
      <id><![CDATA[60]]></id>
      <comment><![CDATA[The number of minutes before reminder emails are send. Set to 0 to disable reminder emails]]></comment>
      <key><![CDATA[number.minutes.reminder.send]]></key>
      <value><![CDATA[15]]></value>
      <deleted><![CDATA[false]]></deleted>
      <created><![CDATA[1360223034000]]></created>
      <updated><![CDATA[]]></updated>
      <user_id><![CDATA[null]]></user_id>
    </config>
    <config>
      <id><![CDATA[20]]></id>
      <comment><![CDATA[The path to OpenOffice/LibreOffice (optional) please set this to the real path in case jodconverter is unable to find OpenOffice/LibreOffice installation automatically]]></comment>
      <key><![CDATA[office.path]]></key>
      <value><![CDATA[]]></value>
      <deleted><![CDATA[false]]></deleted>
      <created><![CDATA[1360223034000]]></created>
      <updated><![CDATA[]]></updated>
      <user_id><![CDATA[null]]></user_id>
    </config>
    <config>
      <id><![CDATA[45]]></id>
      <comment><![CDATA[OpenXG Admin ID]]></comment>
      <key><![CDATA[openxg.adminid]]></key>
      <value><![CDATA[]]></value>
      <deleted><![CDATA[false]]></deleted>
      <created><![CDATA[1360223034000]]></created>
      <updated><![CDATA[]]></updated>
      <user_id><![CDATA[null]]></user_id>
    </config>
    <config>
      <id><![CDATA[42]]></id>
      <comment><![CDATA[OpenXG Domain]]></comment>
      <key><![CDATA[openxg.client.domain]]></key>
      <value><![CDATA[]]></value>
      <deleted><![CDATA[false]]></deleted>
      <created><![CDATA[1360223034000]]></created>
      <updated><![CDATA[]]></updated>
      <user_id><![CDATA[null]]></user_id>
    </config>
    <config>
      <id><![CDATA[40]]></id>
      <comment><![CDATA[OpenXG XML-RPC Client ID]]></comment>
      <key><![CDATA[openxg.client.id]]></key>
      <value><![CDATA[]]></value>
      <deleted><![CDATA[false]]></deleted>
      <created><![CDATA[1360223034000]]></created>
      <updated><![CDATA[]]></updated>
      <user_id><![CDATA[null]]></user_id>
    </config>
    <config>
      <id><![CDATA[41]]></id>
      <comment><![CDATA[OpenXG XML-RPC Client Secret]]></comment>
      <key><![CDATA[openxg.client.secret]]></key>
      <value><![CDATA[]]></value>
      <deleted><![CDATA[false]]></deleted>
      <created><![CDATA[1360223034000]]></created>
      <updated><![CDATA[]]></updated>
      <user_id><![CDATA[null]]></user_id>
    </config>
    <config>
      <id><![CDATA[43]]></id>
      <comment><![CDATA[OpenXG Community Code]]></comment>
      <key><![CDATA[openxg.community.code]]></key>
      <value><![CDATA[]]></value>
      <deleted><![CDATA[false]]></deleted>
      <created><![CDATA[1360223034000]]></created>
      <updated><![CDATA[]]></updated>
      <user_id><![CDATA[null]]></user_id>
    </config>
    <config>
      <id><![CDATA[44]]></id>
      <comment><![CDATA[OpenXG Language Code]]></comment>
      <key><![CDATA[openxg.language.code]]></key>
      <value><![CDATA[]]></value>
      <deleted><![CDATA[false]]></deleted>
      <created><![CDATA[1360223034000]]></created>
      <updated><![CDATA[]]></updated>
      <user_id><![CDATA[null]]></user_id>
    </config>
    <config>
      <id><![CDATA[39]]></id>
      <comment><![CDATA[openxg_wrapper_url, null, OpenXG XML-RPC Wrapper URL, the Wrapper can only be located on 127.0.01 by default, for example http://127.0.0.1:5080/rpc_client/rpc_gateway_wrapper.php]]></comment>
      <key><![CDATA[openxg.wrapper.url]]></key>
      <value><![CDATA[]]></value>
      <deleted><![CDATA[false]]></deleted>
      <created><![CDATA[1360223034000]]></created>
      <updated><![CDATA[]]></updated>
      <user_id><![CDATA[null]]></user_id>
    </config>
    <config>
      <id><![CDATA[28]]></id>
      <comment><![CDATA[Enable to enable the red5SIP integration ]]></comment>
      <key><![CDATA[red5sip.enable]]></key>
      <value><![CDATA[no]]></value>
      <deleted><![CDATA[false]]></deleted>
      <created><![CDATA[1360223034000]]></created>
      <updated><![CDATA[]]></updated>
      <user_id><![CDATA[null]]></user_id>
    </config>
    <config>
      <id><![CDATA[30]]></id>
      <comment><![CDATA[Enable to enable the red5SIP integration ]]></comment>
      <key><![CDATA[red5sip.exten_context]]></key>
      <value><![CDATA[rooms]]></value>
      <deleted><![CDATA[false]]></deleted>
      <created><![CDATA[1360223034000]]></created>
      <updated><![CDATA[]]></updated>
      <user_id><![CDATA[null]]></user_id>
    </config>
    <config>
      <id><![CDATA[29]]></id>
      <comment><![CDATA[Enable to enable the red5SIP integration ]]></comment>
      <key><![CDATA[red5sip.room_prefix]]></key>
      <value><![CDATA[400]]></value>
      <deleted><![CDATA[false]]></deleted>
      <created><![CDATA[1360223034000]]></created>
      <updated><![CDATA[]]></updated>
      <user_id><![CDATA[null]]></user_id>
    </config>
    <config>
      <id><![CDATA[22]]></id>
      <comment><![CDATA[Feed URL]]></comment>
      <key><![CDATA[rss_feed1]]></key>
      <value><![CDATA[]]></value>
      <deleted><![CDATA[false]]></deleted>
      <created><![CDATA[1360223034000]]></created>
      <updated><![CDATA[]]></updated>
      <user_id><![CDATA[null]]></user_id>
    </config>
    <config>
      <id><![CDATA[23]]></id>
      <comment><![CDATA[Feed URL 2]]></comment>
      <key><![CDATA[rss_feed2]]></key>
      <value><![CDATA[]]></value>
      <deleted><![CDATA[false]]></deleted>
      <created><![CDATA[1360223034000]]></created>
      <updated><![CDATA[]]></updated>
      <user_id><![CDATA[null]]></user_id>
    </config>
    <config>
      <id><![CDATA[2]]></id>
      <comment><![CDATA[ScreenViewer Type(0==standard, 1== jrdesktop)]]></comment>
      <key><![CDATA[screen_viewer]]></key>
      <value><![CDATA[4]]></value>
      <deleted><![CDATA[false]]></deleted>
      <created><![CDATA[1360223034000]]></created>
      <updated><![CDATA[]]></updated>
      <user_id><![CDATA[null]]></user_id>
    </config>
    <config>
      <id><![CDATA[24]]></id>
      <comment><![CDATA[User get a EMail with their Account data. Values: 0(No) or 1(Yes)]]></comment>
      <key><![CDATA[sendEmailAtRegister]]></key>
      <value><![CDATA[1]]></value>
      <deleted><![CDATA[false]]></deleted>
      <created><![CDATA[1360223034000]]></created>
      <updated><![CDATA[]]></updated>
      <user_id><![CDATA[null]]></user_id>
    </config>
    <config>
      <id><![CDATA[25]]></id>
      <comment><![CDATA[User must activate their account by clicking on the activation-link in the registering Email. Values: 0(No) or 1(Yes) It makes no sense to make this(sendEmailWithVerficationCode) 1(Yes) while sendEmailAtRegister is 0(No) cause you needto send a EMail.]]></comment>
      <key><![CDATA[sendEmailWithVerficationCode]]></key>
      <value><![CDATA[1]]></value>
      <deleted><![CDATA[false]]></deleted>
      <created><![CDATA[1360223034000]]></created>
      <updated><![CDATA[]]></updated>
      <user_id><![CDATA[null]]></user_id>
    </config>
    <config>
      <id><![CDATA[52]]></id>
      <comment><![CDATA[Show Facebook Login]]></comment>
      <key><![CDATA[show.facebook.login]]></key>
      <value><![CDATA[0]]></value>
      <deleted><![CDATA[false]]></deleted>
      <created><![CDATA[1360223034000]]></created>
      <updated><![CDATA[]]></updated>
      <user_id><![CDATA[null]]></user_id>
    </config>
    <config>
      <id><![CDATA[58]]></id>
      <comment><![CDATA[Display name of the user who draw the current object (User Name auto-disapper after 3 seconds.]]></comment>
      <key><![CDATA[show.whiteboard.draw.status]]></key>
      <value><![CDATA[0]]></value>
      <deleted><![CDATA[false]]></deleted>
      <created><![CDATA[1360223034000]]></created>
      <updated><![CDATA[]]></updated>
      <user_id><![CDATA[null]]></user_id>
    </config>
    <config>
      <id><![CDATA[36]]></id>
      <comment><![CDATA[The Base-URL to load the Ringtone from]]></comment>
      <key><![CDATA[sip.codebase]]></key>
      <value><![CDATA[]]></value>
      <deleted><![CDATA[false]]></deleted>
      <created><![CDATA[1360223034000]]></created>
      <updated><![CDATA[]]></updated>
      <user_id><![CDATA[null]]></user_id>
    </config>
    <config>
      <id><![CDATA[31]]></id>
      <comment><![CDATA[Enable to load the SIP Applet in the Client and call the SIP Applet whenever you enter a Room]]></comment>
      <key><![CDATA[sip.enable]]></key>
      <value><![CDATA[no]]></value>
      <deleted><![CDATA[false]]></deleted>
      <created><![CDATA[1360223034000]]></created>
      <updated><![CDATA[]]></updated>
      <user_id><![CDATA[null]]></user_id>
    </config>
    <config>
      <id><![CDATA[37]]></id>
      <comment><![CDATA[Force usage of the tunnel]]></comment>
      <key><![CDATA[sip.forcetunnel]]></key>
      <value><![CDATA[true]]></value>
      <deleted><![CDATA[false]]></deleted>
      <created><![CDATA[1360223034000]]></created>
      <updated><![CDATA[]]></updated>
      <user_id><![CDATA[null]]></user_id>
    </config>
    <config>
      <id><![CDATA[46]]></id>
      <comment><![CDATA[For example +358 for Finland]]></comment>
      <key><![CDATA[sip.language.phonecode]]></key>
      <value><![CDATA[]]></value>
      <deleted><![CDATA[false]]></deleted>
      <created><![CDATA[1360223034000]]></created>
      <updated><![CDATA[]]></updated>
      <user_id><![CDATA[null]]></user_id>
    </config>
    <config>
      <id><![CDATA[38]]></id>
      <comment><![CDATA[Enable the OpenXG XML-RPC Gateway through the Wrapper URL]]></comment>
      <key><![CDATA[sip.openxg.enable]]></key>
      <value><![CDATA[no]]></value>
      <deleted><![CDATA[false]]></deleted>
      <created><![CDATA[1360223034000]]></created>
      <updated><![CDATA[]]></updated>
      <user_id><![CDATA[null]]></user_id>
    </config>
    <config>
      <id><![CDATA[48]]></id>
      <comment><![CDATA[Amount of numbers in the Phone Range available]]></comment>
      <key><![CDATA[sip.phonerange]]></key>
      <value><![CDATA[]]></value>
      <deleted><![CDATA[false]]></deleted>
      <created><![CDATA[1360223034000]]></created>
      <updated><![CDATA[]]></updated>
      <user_id><![CDATA[null]]></user_id>
    </config>
    <config>
      <id><![CDATA[50]]></id>
      <comment><![CDATA[Number of used Phone Numbers in the sip.phonerange for the conferences]]></comment>
      <key><![CDATA[sip.phonerange.conference.currentindex]]></key>
      <value><![CDATA[0]]></value>
      <deleted><![CDATA[false]]></deleted>
      <created><![CDATA[1360223034000]]></created>
      <updated><![CDATA[]]></updated>
      <user_id><![CDATA[null]]></user_id>
    </config>
    <config>
      <id><![CDATA[49]]></id>
      <comment><![CDATA[Number of used Phone Numbers in the sip.phonerange]]></comment>
      <key><![CDATA[sip.phonerange.currentindex]]></key>
      <value><![CDATA[0]]></value>
      <deleted><![CDATA[false]]></deleted>
      <created><![CDATA[1360223034000]]></created>
      <updated><![CDATA[]]></updated>
      <user_id><![CDATA[null]]></user_id>
    </config>
    <config>
      <id><![CDATA[47]]></id>
      <comment><![CDATA[The first number in the Range of Phone Numbers in national format]]></comment>
      <key><![CDATA[sip.phonerange.start]]></key>
      <value><![CDATA[]]></value>
      <deleted><![CDATA[false]]></deleted>
      <created><![CDATA[1360223034000]]></created>
      <updated><![CDATA[]]></updated>
      <user_id><![CDATA[null]]></user_id>
    </config>
    <config>
      <id><![CDATA[33]]></id>
      <comment><![CDATA[SIP Port]]></comment>
      <key><![CDATA[sip.port]]></key>
      <value><![CDATA[]]></value>
      <deleted><![CDATA[false]]></deleted>
      <created><![CDATA[1360223034000]]></created>
      <updated><![CDATA[]]></updated>
      <user_id><![CDATA[null]]></user_id>
    </config>
    <config>
      <id><![CDATA[34]]></id>
      <comment><![CDATA[SIP Proxy name (this is the outbound proxy)]]></comment>
      <key><![CDATA[sip.proxyname]]></key>
      <value><![CDATA[]]></value>
      <deleted><![CDATA[false]]></deleted>
      <created><![CDATA[1360223034000]]></created>
      <updated><![CDATA[]]></updated>
      <user_id><![CDATA[null]]></user_id>
    </config>
    <config>
      <id><![CDATA[32]]></id>
      <comment><![CDATA[So called *Domain of the SIP Provider*]]></comment>
      <key><![CDATA[sip.realm]]></key>
      <value><![CDATA[]]></value>
      <deleted><![CDATA[false]]></deleted>
      <created><![CDATA[1360223034000]]></created>
      <updated><![CDATA[]]></updated>
      <user_id><![CDATA[null]]></user_id>
    </config>
    <config>
      <id><![CDATA[35]]></id>
      <comment><![CDATA[SIP Tunnel IP + Port, format domain:port, for example 10.0.0.0:443]]></comment>
      <key><![CDATA[sip.tunnel]]></key>
      <value><![CDATA[]]></value>
      <deleted><![CDATA[false]]></deleted>
      <created><![CDATA[1360223034000]]></created>
      <updated><![CDATA[]]></updated>
      <user_id><![CDATA[null]]></user_id>
    </config>
    <config>
      <id><![CDATA[7]]></id>
      <comment><![CDATA[this is the smtp server port normally 25]]></comment>
      <key><![CDATA[smtp_port]]></key>
      <value><![CDATA[25]]></value>
      <deleted><![CDATA[false]]></deleted>
      <created><![CDATA[1360223034000]]></created>
      <updated><![CDATA[1360238104000]]></updated>
      <user_id><![CDATA[1]]></user_id>
    </config>
    <config>
      <id><![CDATA[6]]></id>
      <comment><![CDATA[this is the smtp server to send messages]]></comment>
      <key><![CDATA[smtp_server]]></key>
      <value><![CDATA[ml.unipro.ru]]></value>
      <deleted><![CDATA[false]]></deleted>
      <created><![CDATA[1360223034000]]></created>
      <updated><![CDATA[1360238097000]]></updated>
      <user_id><![CDATA[1]]></user_id>
    </config>
    <config>
      <id><![CDATA[18]]></id>
      <comment><![CDATA[Path To SoX-Tools]]></comment>
      <key><![CDATA[sox_path]]></key>
      <value><![CDATA[]]></value>
      <deleted><![CDATA[false]]></deleted>
      <created><![CDATA[1360223034000]]></created>
      <updated><![CDATA[]]></updated>
      <user_id><![CDATA[null]]></user_id>
    </config>
    <config>
      <id><![CDATA[15]]></id>
      <comment><![CDATA[compression quality for conversion of PDF to SWF]]></comment>
      <key><![CDATA[swftools_jpegquality]]></key>
      <value><![CDATA[85]]></value>
      <deleted><![CDATA[false]]></deleted>
      <created><![CDATA[1360223034000]]></created>
      <updated><![CDATA[]]></updated>
      <user_id><![CDATA[null]]></user_id>
    </config>
    <config>
      <id><![CDATA[16]]></id>
      <comment><![CDATA[Path To SWF-Tools]]></comment>
      <key><![CDATA[swftools_path]]></key>
      <value><![CDATA[]]></value>
      <deleted><![CDATA[false]]></deleted>
      <created><![CDATA[1360223034000]]></created>
      <updated><![CDATA[]]></updated>
      <user_id><![CDATA[null]]></user_id>
    </config>
    <config>
      <id><![CDATA[14]]></id>
      <comment><![CDATA[dpi for conversion of PDF to SWF]]></comment>
      <key><![CDATA[swftools_zoom]]></key>
      <value><![CDATA[72]]></value>
      <deleted><![CDATA[false]]></deleted>
      <created><![CDATA[1360223034000]]></created>
      <updated><![CDATA[]]></updated>
      <user_id><![CDATA[null]]></user_id>
    </config>
    <config>
      <id><![CDATA[8]]></id>
      <comment><![CDATA[all send EMails by the system will have this address]]></comment>
      <key><![CDATA[system_email_addr]]></key>
      <value><![CDATA[noreply@unipro.ru]]></value>
      <deleted><![CDATA[false]]></deleted>
      <created><![CDATA[1360223034000]]></created>
      <updated><![CDATA[]]></updated>
      <user_id><![CDATA[null]]></user_id>
    </config>
    <config>
      <id><![CDATA[68]]></id>
      <comment><![CDATA[Test parameter]]></comment>
      <key><![CDATA[test]]></key>
      <value><![CDATA[test]]></value>
      <deleted><![CDATA[false]]></deleted>
      <created><![CDATA[1360238581000]]></created>
      <updated><![CDATA[]]></updated>
      <user_id><![CDATA[null]]></user_id>
    </config>
    <config>
      <id><![CDATA[64]]></id>
      <comment><![CDATA[specify a 1 if you would like to use old FFMPEG -map option with 0.0 instead of 0:0]]></comment>
      <key><![CDATA[use.old.style.ffmpeg.map.option]]></key>
      <value><![CDATA[0]]></value>
      <deleted><![CDATA[false]]></deleted>
      <created><![CDATA[1360223034000]]></created>
      <updated><![CDATA[]]></updated>
      <user_id><![CDATA[null]]></user_id>
    </config>
    <config>
      <id><![CDATA[61]]></id>
      <comment><![CDATA[Number of chars needed in a user login]]></comment>
      <key><![CDATA[user.login.minimum.length]]></key>
      <value><![CDATA[4]]></value>
      <deleted><![CDATA[false]]></deleted>
      <created><![CDATA[1360223034000]]></created>
      <updated><![CDATA[]]></updated>
      <user_id><![CDATA[null]]></user_id>
    </config>
    <config>
      <id><![CDATA[62]]></id>
      <comment><![CDATA[Number of chars needed in a user login]]></comment>
      <key><![CDATA[user.pass.minimum.length]]></key>
      <value><![CDATA[4]]></value>
      <deleted><![CDATA[false]]></deleted>
      <created><![CDATA[1360223034000]]></created>
      <updated><![CDATA[]]></updated>
      <user_id><![CDATA[null]]></user_id>
    </config>
  </configs>
</root>
