<?xml version="1.0" encoding="UTF-8"?>

<!--###############################################
This File is auto-generated by the Backup Tool 
you should use the BackupPanel to modify or change this file 
see http://incubator.apache.org/openmeetings/Upgrade.html for Details 
###############################################-->
<root>
  <fileExplorerItems>
    <fileExplorerItem>
      <fileExplorerItemId><![CDATA[1]]></fileExplorerItemId>
      <fileName><![CDATA[My bugs (ASF JIRA).ods]]></fileName>
      <fileHash><![CDATA[84e93321d02ad442f543a8a022bdb3f9]]></fileHash>
      <parentFileExplorerItemId><![CDATA[0]]></parentFileExplorerItemId>
      <room_id><![CDATA[7]]></room_id>
      <ownerId><![CDATA[1]]></ownerId>
      <isFolder><![CDATA[false]]></isFolder>
      <isImage><![CDATA[false]]></isImage>
      <isPresentation><![CDATA[true]]></isPresentation>
      <isVideo><![CDATA[null]]></isVideo>
      <insertedBy><![CDATA[1]]></insertedBy>
      <inserted><![CDATA[1360238808000]]></inserted>
      <updated><![CDATA[1360238808000]]></updated>
      <deleted><![CDATA[false]]></deleted>
      <fileSize><![CDATA[null]]></fileSize>
      <flvWidth><![CDATA[null]]></flvWidth>
      <flvHeight><![CDATA[null]]></flvHeight>
      <previewImage><![CDATA[null]]></previewImage>
      <wmlFilePath><![CDATA[]]></wmlFilePath>
      <isStoredWmlFile><![CDATA[false]]></isStoredWmlFile>
      <isChart><![CDATA[false]]></isChart>
    </fileExplorerItem>
    <fileExplorerItem>
      <fileExplorerItemId><![CDATA[2]]></fileExplorerItemId>
      <fileName><![CDATA[My bugs (ASF JIRA).xls]]></fileName>
      <fileHash><![CDATA[81ceee613615e4a6012dc56dc77b0b6f]]></fileHash>
      <parentFileExplorerItemId><![CDATA[0]]></parentFileExplorerItemId>
      <room_id><![CDATA[7]]></room_id>
      <ownerId><![CDATA[null]]></ownerId>
      <isFolder><![CDATA[false]]></isFolder>
      <isImage><![CDATA[false]]></isImage>
      <isPresentation><![CDATA[true]]></isPresentation>
      <isVideo><![CDATA[null]]></isVideo>
      <insertedBy><![CDATA[1]]></insertedBy>
      <inserted><![CDATA[1360238854000]]></inserted>
      <updated><![CDATA[1360238854000]]></updated>
      <deleted><![CDATA[false]]></deleted>
      <fileSize><![CDATA[null]]></fileSize>
      <flvWidth><![CDATA[null]]></flvWidth>
      <flvHeight><![CDATA[null]]></flvHeight>
      <previewImage><![CDATA[null]]></previewImage>
      <wmlFilePath><![CDATA[]]></wmlFilePath>
      <isStoredWmlFile><![CDATA[false]]></isStoredWmlFile>
      <isChart><![CDATA[false]]></isChart>
    </fileExplorerItem>
    <fileExplorerItem>
      <fileExplorerItemId><![CDATA[3]]></fileExplorerItemId>
      <fileName><![CDATA[test]]></fileName>
      <fileHash><![CDATA[]]></fileHash>
      <parentFileExplorerItemId><![CDATA[0]]></parentFileExplorerItemId>
      <room_id><![CDATA[7]]></room_id>
      <ownerId><![CDATA[null]]></ownerId>
      <isFolder><![CDATA[false]]></isFolder>
      <isImage><![CDATA[false]]></isImage>
      <isPresentation><![CDATA[false]]></isPresentation>
      <isVideo><![CDATA[null]]></isVideo>
      <insertedBy><![CDATA[1]]></insertedBy>
      <inserted><![CDATA[1360238959000]]></inserted>
      <updated><![CDATA[1360238959000]]></updated>
      <deleted><![CDATA[false]]></deleted>
      <fileSize><![CDATA[null]]></fileSize>
      <flvWidth><![CDATA[null]]></flvWidth>
      <flvHeight><![CDATA[null]]></flvHeight>
      <previewImage><![CDATA[null]]></previewImage>
      <wmlFilePath><![CDATA[8f01c84f9bed52478ebee67e8752980b.wml]]></wmlFilePath>
      <isStoredWmlFile><![CDATA[true]]></isStoredWmlFile>
      <isChart><![CDATA[true]]></isChart>
    </fileExplorerItem>
    <fileExplorerItem>
      <fileExplorerItemId><![CDATA[4]]></fileExplorerItemId>
      <fileName><![CDATA[My bugs (ASF JIRA).ods]]></fileName>
      <fileHash><![CDATA[db6139abbf3e4525b3e5cf27f4b13904]]></fileHash>
      <parentFileExplorerItemId><![CDATA[0]]></parentFileExplorerItemId>
      <room_id><![CDATA[7]]></room_id>
      <ownerId><![CDATA[null]]></ownerId>
      <isFolder><![CDATA[false]]></isFolder>
      <isImage><![CDATA[false]]></isImage>
      <isPresentation><![CDATA[true]]></isPresentation>
      <isVideo><![CDATA[null]]></isVideo>
      <insertedBy><![CDATA[2]]></insertedBy>
      <inserted><![CDATA[1360294021000]]></inserted>
      <updated><![CDATA[1360294021000]]></updated>
      <deleted><![CDATA[false]]></deleted>
      <fileSize><![CDATA[null]]></fileSize>
      <flvWidth><![CDATA[null]]></flvWidth>
      <flvHeight><![CDATA[null]]></flvHeight>
      <previewImage><![CDATA[null]]></previewImage>
      <wmlFilePath><![CDATA[]]></wmlFilePath>
      <isStoredWmlFile><![CDATA[false]]></isStoredWmlFile>
      <isChart><![CDATA[false]]></isChart>
    </fileExplorerItem>
    <fileExplorerItem>
      <fileExplorerItemId><![CDATA[5]]></fileExplorerItemId>
      <fileName><![CDATA[my folder]]></fileName>
      <fileHash><![CDATA[]]></fileHash>
      <parentFileExplorerItemId><![CDATA[0]]></parentFileExplorerItemId>
      <room_id><![CDATA[7]]></room_id>
      <ownerId><![CDATA[2]]></ownerId>
      <isFolder><![CDATA[true]]></isFolder>
      <isImage><![CDATA[false]]></isImage>
      <isPresentation><![CDATA[false]]></isPresentation>
      <isVideo><![CDATA[null]]></isVideo>
      <insertedBy><![CDATA[2]]></insertedBy>
      <inserted><![CDATA[1360294067000]]></inserted>
      <updated><![CDATA[1360294067000]]></updated>
      <deleted><![CDATA[false]]></deleted>
      <fileSize><![CDATA[null]]></fileSize>
      <flvWidth><![CDATA[null]]></flvWidth>
      <flvHeight><![CDATA[null]]></flvHeight>
      <previewImage><![CDATA[null]]></previewImage>
      <wmlFilePath><![CDATA[]]></wmlFilePath>
      <isStoredWmlFile><![CDATA[false]]></isStoredWmlFile>
      <isChart><![CDATA[false]]></isChart>
    </fileExplorerItem>
    <fileExplorerItem>
      <fileExplorerItemId><![CDATA[6]]></fileExplorerItemId>
      <fileName><![CDATA[Установка и настройка Linphone на Android и iOS (8.3).docx]]></fileName>
      <fileHash><![CDATA[416a1df384cc11c49619051be9d77cc2]]></fileHash>
      <parentFileExplorerItemId><![CDATA[5]]></parentFileExplorerItemId>
      <room_id><![CDATA[null]]></room_id>
      <ownerId><![CDATA[2]]></ownerId>
      <isFolder><![CDATA[false]]></isFolder>
      <isImage><![CDATA[false]]></isImage>
      <isPresentation><![CDATA[true]]></isPresentation>
      <isVideo><![CDATA[null]]></isVideo>
      <insertedBy><![CDATA[2]]></insertedBy>
      <inserted><![CDATA[1360294079000]]></inserted>
      <updated><![CDATA[1360294133000]]></updated>
      <deleted><![CDATA[false]]></deleted>
      <fileSize><![CDATA[null]]></fileSize>
      <flvWidth><![CDATA[null]]></flvWidth>
      <flvHeight><![CDATA[null]]></flvHeight>
      <previewImage><![CDATA[null]]></previewImage>
      <wmlFilePath><![CDATA[]]></wmlFilePath>
      <isStoredWmlFile><![CDATA[false]]></isStoredWmlFile>
      <isChart><![CDATA[false]]></isChart>
    </fileExplorerItem>
    <fileExplorerItem>
      <fileExplorerItemId><![CDATA[7]]></fileExplorerItemId>
      <fileName><![CDATA[Mute dialog.jpg]]></fileName>
      <fileHash><![CDATA[89b28a7e9437a7d1dc4b46b8044bb2a2.jpg]]></fileHash>
      <parentFileExplorerItemId><![CDATA[5]]></parentFileExplorerItemId>
      <room_id><![CDATA[7]]></room_id>
      <ownerId><![CDATA[2]]></ownerId>
      <isFolder><![CDATA[false]]></isFolder>
      <isImage><![CDATA[true]]></isImage>
      <isPresentation><![CDATA[false]]></isPresentation>
      <isVideo><![CDATA[null]]></isVideo>
      <insertedBy><![CDATA[2]]></insertedBy>
      <inserted><![CDATA[1360294107000]]></inserted>
      <updated><![CDATA[1360294107000]]></updated>
      <deleted><![CDATA[false]]></deleted>
      <fileSize><![CDATA[null]]></fileSize>
      <flvWidth><![CDATA[null]]></flvWidth>
      <flvHeight><![CDATA[null]]></flvHeight>
      <previewImage><![CDATA[null]]></previewImage>
      <wmlFilePath><![CDATA[]]></wmlFilePath>
      <isStoredWmlFile><![CDATA[false]]></isStoredWmlFile>
      <isChart><![CDATA[false]]></isChart>
    </fileExplorerItem>
    <fileExplorerItem>
      <fileExplorerItemId><![CDATA[8]]></fileExplorerItemId>
      <fileName><![CDATA[test]]></fileName>
      <fileHash><![CDATA[]]></fileHash>
      <parentFileExplorerItemId><![CDATA[0]]></parentFileExplorerItemId>
      <room_id><![CDATA[7]]></room_id>
      <ownerId><![CDATA[null]]></ownerId>
      <isFolder><![CDATA[false]]></isFolder>
      <isImage><![CDATA[false]]></isImage>
      <isPresentation><![CDATA[false]]></isPresentation>
      <isVideo><![CDATA[null]]></isVideo>
      <insertedBy><![CDATA[2]]></insertedBy>
      <inserted><![CDATA[1360294119000]]></inserted>
      <updated><![CDATA[1360294119000]]></updated>
      <deleted><![CDATA[false]]></deleted>
      <fileSize><![CDATA[null]]></fileSize>
      <flvWidth><![CDATA[null]]></flvWidth>
      <flvHeight><![CDATA[null]]></flvHeight>
      <previewImage><![CDATA[null]]></previewImage>
      <wmlFilePath><![CDATA[2d5c3ffd9f897278bfdeb1ad551cab86.wml]]></wmlFilePath>
      <isStoredWmlFile><![CDATA[true]]></isStoredWmlFile>
      <isChart><![CDATA[true]]></isChart>
    </fileExplorerItem>
  </fileExplorerItems>
</root>
