<?xml version="1.0" encoding="UTF-8"?>

<!--###############################################
This File is auto-generated by the Backup Tool 
you should use the BackupPanel to modify or change this file 
see http://incubator.apache.org/openmeetings/Upgrade.html for Details 
###############################################-->
<root>
  <flvrecordings>
    <flvrecording>
      <alternateDownload><![CDATA[flvRecording_1.avi]]></alternateDownload>
      <comment><![CDATA[]]></comment>
      <deleted><![CDATA[false]]></deleted>
      <fileHash><![CDATA[flvRecording_1.flv]]></fileHash>
      <fileName><![CDATA[Recording 07.02.2013 19:06:22]]></fileName>
      <flvRecordingId><![CDATA[1]]></flvRecordingId>
      <previewImage><![CDATA[flvRecording_1.jpg]]></previewImage>
      <recorderStreamId><![CDATA[null]]></recorderStreamId>
      <fileSize><![CDATA[null]]></fileSize>
      <flvHeight><![CDATA[1024]]></flvHeight>
      <flvWidth><![CDATA[1280]]></flvWidth>
      <height><![CDATA[1024]]></height>
      <width><![CDATA[1280]]></width>
      <insertedBy><![CDATA[1]]></insertedBy>
      <organization_id><![CDATA[1]]></organization_id>
      <ownerId><![CDATA[1]]></ownerId>
      <parentFileExplorerItemId><![CDATA[null]]></parentFileExplorerItemId>
      <progressPostProcessing><![CDATA[0]]></progressPostProcessing>
      <room_id><![CDATA[7]]></room_id>
      <inserted><![CDATA[1360238782000]]></inserted>
      <isFolder><![CDATA[false]]></isFolder>
      <isImage><![CDATA[false]]></isImage>
      <isInterview><![CDATA[false]]></isInterview>
      <isPresentation><![CDATA[false]]></isPresentation>
      <isRecording><![CDATA[true]]></isRecording>
      <recordEnd><![CDATA[1360238962000]]></recordEnd>
      <recordStart><![CDATA[1360238782000]]></recordStart>
      <flvrecordingmetadatas>
        <flvrecordingmetadata>
          <flvRecordingMetaDataId><![CDATA[1]]></flvRecordingMetaDataId>
          <freeTextUserName><![CDATA[ ]]></freeTextUserName>
          <fullWavAudioData><![CDATA[rec_1_stream_0_07_02_2013_19_06_22_FULL_WAVE.wav]]></fullWavAudioData>
          <streamName><![CDATA[rec_1_stream_0_07_02_2013_19_06_22]]></streamName>
          <wavAudioData><![CDATA[rec_1_stream_0_07_02_2013_19_06_22_WAVE.wav]]></wavAudioData>
          <initialGapSeconds><![CDATA[null]]></initialGapSeconds>
          <insertedBy><![CDATA[null]]></insertedBy>
          <interiewPodId><![CDATA[-1]]></interiewPodId>
          <audioIsValid><![CDATA[true]]></audioIsValid>
          <inserted><![CDATA[1360238782000]]></inserted>
          <isAudioOnly><![CDATA[false]]></isAudioOnly>
          <isScreenData><![CDATA[false]]></isScreenData>
          <isVideoOnly><![CDATA[false]]></isVideoOnly>
          <recordEnd><![CDATA[1360238962000]]></recordEnd>
          <recordStart><![CDATA[1360238782000]]></recordStart>
          <updated><![CDATA[]]></updated>
        </flvrecordingmetadata>
        <flvrecordingmetadata>
          <flvRecordingMetaDataId><![CDATA[2]]></flvRecordingMetaDataId>
          <freeTextUserName><![CDATA[firstname lastname]]></freeTextUserName>
          <fullWavAudioData><![CDATA[null]]></fullWavAudioData>
          <streamName><![CDATA[rec_1_stream_2b5a2dc763b1f4ef2c07f729f6f58355_07_02_2013_19_06_22]]></streamName>
          <wavAudioData><![CDATA[null]]></wavAudioData>
          <initialGapSeconds><![CDATA[525]]></initialGapSeconds>
          <insertedBy><![CDATA[null]]></insertedBy>
          <interiewPodId><![CDATA[null]]></interiewPodId>
          <audioIsValid><![CDATA[null]]></audioIsValid>
          <inserted><![CDATA[1360238782000]]></inserted>
          <isAudioOnly><![CDATA[false]]></isAudioOnly>
          <isScreenData><![CDATA[true]]></isScreenData>
          <isVideoOnly><![CDATA[false]]></isVideoOnly>
          <recordEnd><![CDATA[1360238962000]]></recordEnd>
          <recordStart><![CDATA[1360238783000]]></recordStart>
          <updated><![CDATA[]]></updated>
        </flvrecordingmetadata>
      </flvrecordingmetadatas>
    </flvrecording>
  </flvrecordings>
</root>
