<?xml version="1.0" encoding="UTF-8"?>

<!--###############################################
This File is auto-generated by the Backup Tool 
you should use the BackupPanel to modify or change this file 
see http://incubator.apache.org/openmeetings/Upgrade.html for Details 
###############################################-->
<root>
  <privatemessages>
    <privatemessage>
      <privateMessageId><![CDATA[1]]></privateMessageId>
      <message><![CDATA[test message]]></message>
      <subject><![CDATA[test]]></subject>
      <privateMessageFolderId><![CDATA[0]]></privateMessageFolderId>
      <userContactId><![CDATA[0]]></userContactId>
      <parentMessage><![CDATA[0]]></parentMessage>
      <bookedRoom><![CDATA[false]]></bookedRoom>
      <from><![CDATA[2]]></from>
      <to><![CDATA[1]]></to>
      <inserted><![CDATA[1360223275000]]></inserted>
      <isContactRequest><![CDATA[false]]></isContactRequest>
      <isRead><![CDATA[false]]></isRead>
      <isTrash><![CDATA[false]]></isTrash>
      <owner><![CDATA[2]]></owner>
      <room><![CDATA[0]]></room>
    </privatemessage>
    <privatemessage>
      <privateMessageId><![CDATA[2]]></privateMessageId>
      <message><![CDATA[test message]]></message>
      <subject><![CDATA[test]]></subject>
      <privateMessageFolderId><![CDATA[0]]></privateMessageFolderId>
      <userContactId><![CDATA[0]]></userContactId>
      <parentMessage><![CDATA[0]]></parentMessage>
      <bookedRoom><![CDATA[false]]></bookedRoom>
      <from><![CDATA[2]]></from>
      <to><![CDATA[1]]></to>
      <inserted><![CDATA[1360223275000]]></inserted>
      <isContactRequest><![CDATA[false]]></isContactRequest>
      <isRead><![CDATA[true]]></isRead>
      <isTrash><![CDATA[false]]></isTrash>
      <owner><![CDATA[1]]></owner>
      <room><![CDATA[0]]></room>
    </privatemessage>
    <privatemessage>
      <privateMessageId><![CDATA[3]]></privateMessageId>
      <message><![CDATA[Здравствуйте, firstname lastname<br/><br/>Василий Дегтярев хочет добавить вас в список контактов.<br/>Проверьте запросы вашего контакта в OpenMeetings или пойдите по этой ссылке, чтобы on принять или отклонить запрос<br/>]]></message>
      <subject><![CDATA[Василий Дегтярев хочет добавить вас в список контактов.]]></subject>
      <privateMessageFolderId><![CDATA[1]]></privateMessageFolderId>
      <userContactId><![CDATA[1]]></userContactId>
      <parentMessage><![CDATA[0]]></parentMessage>
      <bookedRoom><![CDATA[false]]></bookedRoom>
      <from><![CDATA[2]]></from>
      <to><![CDATA[1]]></to>
      <inserted><![CDATA[1360223485000]]></inserted>
      <isContactRequest><![CDATA[true]]></isContactRequest>
      <isRead><![CDATA[true]]></isRead>
      <isTrash><![CDATA[false]]></isTrash>
      <owner><![CDATA[1]]></owner>
      <room><![CDATA[0]]></room>
    </privatemessage>
    <privatemessage>
      <privateMessageId><![CDATA[4]]></privateMessageId>
      <message><![CDATA[test message]]></message>
      <subject><![CDATA[test7777]]></subject>
      <privateMessageFolderId><![CDATA[0]]></privateMessageFolderId>
      <userContactId><![CDATA[0]]></userContactId>
      <parentMessage><![CDATA[0]]></parentMessage>
      <bookedRoom><![CDATA[false]]></bookedRoom>
      <from><![CDATA[2]]></from>
      <to><![CDATA[1]]></to>
      <inserted><![CDATA[1360224002000]]></inserted>
      <isContactRequest><![CDATA[false]]></isContactRequest>
      <isRead><![CDATA[false]]></isRead>
      <isTrash><![CDATA[false]]></isTrash>
      <owner><![CDATA[2]]></owner>
      <room><![CDATA[0]]></room>
    </privatemessage>
    <privatemessage>
      <privateMessageId><![CDATA[5]]></privateMessageId>
      <message><![CDATA[test message]]></message>
      <subject><![CDATA[test7777]]></subject>
      <privateMessageFolderId><![CDATA[1]]></privateMessageFolderId>
      <userContactId><![CDATA[0]]></userContactId>
      <parentMessage><![CDATA[0]]></parentMessage>
      <bookedRoom><![CDATA[false]]></bookedRoom>
      <from><![CDATA[2]]></from>
      <to><![CDATA[1]]></to>
      <inserted><![CDATA[1360224002000]]></inserted>
      <isContactRequest><![CDATA[false]]></isContactRequest>
      <isRead><![CDATA[true]]></isRead>
      <isTrash><![CDATA[false]]></isTrash>
      <owner><![CDATA[1]]></owner>
      <room><![CDATA[0]]></room>
    </privatemessage>
    <privatemessage>
      <privateMessageId><![CDATA[6]]></privateMessageId>
      <message><![CDATA[test]]></message>
      <subject><![CDATA[test]]></subject>
      <privateMessageFolderId><![CDATA[0]]></privateMessageFolderId>
      <userContactId><![CDATA[0]]></userContactId>
      <parentMessage><![CDATA[0]]></parentMessage>
      <bookedRoom><![CDATA[false]]></bookedRoom>
      <from><![CDATA[2]]></from>
      <to><![CDATA[1]]></to>
      <inserted><![CDATA[1360227496000]]></inserted>
      <isContactRequest><![CDATA[false]]></isContactRequest>
      <isRead><![CDATA[false]]></isRead>
      <isTrash><![CDATA[false]]></isTrash>
      <owner><![CDATA[2]]></owner>
      <room><![CDATA[0]]></room>
    </privatemessage>
    <privatemessage>
      <privateMessageId><![CDATA[7]]></privateMessageId>
      <message><![CDATA[test]]></message>
      <subject><![CDATA[test]]></subject>
      <privateMessageFolderId><![CDATA[1]]></privateMessageFolderId>
      <userContactId><![CDATA[0]]></userContactId>
      <parentMessage><![CDATA[0]]></parentMessage>
      <bookedRoom><![CDATA[false]]></bookedRoom>
      <from><![CDATA[2]]></from>
      <to><![CDATA[1]]></to>
      <inserted><![CDATA[1360227496000]]></inserted>
      <isContactRequest><![CDATA[false]]></isContactRequest>
      <isRead><![CDATA[true]]></isRead>
      <isTrash><![CDATA[false]]></isTrash>
      <owner><![CDATA[1]]></owner>
      <room><![CDATA[0]]></room>
    </privatemessage>
    <privatemessage>
      <privateMessageId><![CDATA[8]]></privateMessageId>
      <message><![CDATA[Test]]></message>
      <subject><![CDATA[Test 2.0]]></subject>
      <privateMessageFolderId><![CDATA[0]]></privateMessageFolderId>
      <userContactId><![CDATA[0]]></userContactId>
      <parentMessage><![CDATA[0]]></parentMessage>
      <bookedRoom><![CDATA[false]]></bookedRoom>
      <from><![CDATA[2]]></from>
      <to><![CDATA[0]]></to>
      <inserted><![CDATA[1360229191000]]></inserted>
      <isContactRequest><![CDATA[false]]></isContactRequest>
      <isRead><![CDATA[false]]></isRead>
      <isTrash><![CDATA[false]]></isTrash>
      <owner><![CDATA[2]]></owner>
      <room><![CDATA[0]]></room>
    </privatemessage>
    <privatemessage>
      <privateMessageId><![CDATA[9]]></privateMessageId>
      <message><![CDATA[test]]></message>
      <subject><![CDATA[test 1_9 (old mail)]]></subject>
      <privateMessageFolderId><![CDATA[0]]></privateMessageFolderId>
      <userContactId><![CDATA[0]]></userContactId>
      <parentMessage><![CDATA[0]]></parentMessage>
      <bookedRoom><![CDATA[false]]></bookedRoom>
      <from><![CDATA[2]]></from>
      <to><![CDATA[1]]></to>
      <inserted><![CDATA[1360230093000]]></inserted>
      <isContactRequest><![CDATA[false]]></isContactRequest>
      <isRead><![CDATA[false]]></isRead>
      <isTrash><![CDATA[false]]></isTrash>
      <owner><![CDATA[2]]></owner>
      <room><![CDATA[0]]></room>
    </privatemessage>
    <privatemessage>
      <privateMessageId><![CDATA[10]]></privateMessageId>
      <message><![CDATA[test]]></message>
      <subject><![CDATA[test 1_9 (old mail)]]></subject>
      <privateMessageFolderId><![CDATA[1]]></privateMessageFolderId>
      <userContactId><![CDATA[0]]></userContactId>
      <parentMessage><![CDATA[0]]></parentMessage>
      <bookedRoom><![CDATA[false]]></bookedRoom>
      <from><![CDATA[2]]></from>
      <to><![CDATA[1]]></to>
      <inserted><![CDATA[1360230093000]]></inserted>
      <isContactRequest><![CDATA[false]]></isContactRequest>
      <isRead><![CDATA[true]]></isRead>
      <isTrash><![CDATA[false]]></isTrash>
      <owner><![CDATA[1]]></owner>
      <room><![CDATA[0]]></room>
    </privatemessage>
    <privatemessage>
      <privateMessageId><![CDATA[11]]></privateMessageId>
      <message><![CDATA[Private 2.1]]></message>
      <subject><![CDATA[Private 2.1]]></subject>
      <privateMessageFolderId><![CDATA[0]]></privateMessageFolderId>
      <userContactId><![CDATA[0]]></userContactId>
      <parentMessage><![CDATA[0]]></parentMessage>
      <bookedRoom><![CDATA[false]]></bookedRoom>
      <from><![CDATA[1]]></from>
      <to><![CDATA[2]]></to>
      <inserted><![CDATA[1360238496000]]></inserted>
      <isContactRequest><![CDATA[false]]></isContactRequest>
      <isRead><![CDATA[false]]></isRead>
      <isTrash><![CDATA[false]]></isTrash>
      <owner><![CDATA[1]]></owner>
      <room><![CDATA[0]]></room>
    </privatemessage>
    <privatemessage>
      <privateMessageId><![CDATA[12]]></privateMessageId>
      <message><![CDATA[Private 2.1]]></message>
      <subject><![CDATA[Private 2.1]]></subject>
      <privateMessageFolderId><![CDATA[0]]></privateMessageFolderId>
      <userContactId><![CDATA[0]]></userContactId>
      <parentMessage><![CDATA[0]]></parentMessage>
      <bookedRoom><![CDATA[false]]></bookedRoom>
      <from><![CDATA[1]]></from>
      <to><![CDATA[2]]></to>
      <inserted><![CDATA[1360238496000]]></inserted>
      <isContactRequest><![CDATA[false]]></isContactRequest>
      <isRead><![CDATA[false]]></isRead>
      <isTrash><![CDATA[false]]></isTrash>
      <owner><![CDATA[2]]></owner>
      <room><![CDATA[0]]></room>
    </privatemessage>
  </privatemessages>
</root>
