<?xml version="1.0" encoding="UTF-8"?>

<!--###############################################
This File is auto-generated by the Backup Tool 
you should use the BackupPanel to modify or change this file 
see http://incubator.apache.org/openmeetings/Upgrade.html for Details 
###############################################-->
<root>
  <rooms>
    <room>
      <name><![CDATA[public Interview Room]]></name>
      <rooms_id><![CDATA[1]]></rooms_id>
      <deleted><![CDATA[false]]></deleted>
      <comment><![CDATA[]]></comment>
      <numberOfPartizipants><![CDATA[16]]></numberOfPartizipants>
      <appointment><![CDATA[false]]></appointment>
      <externalRoomId><![CDATA[null]]></externalRoomId>
      <externalRoomType><![CDATA[null]]></externalRoomType>
      <roomtypeId><![CDATA[4]]></roomtypeId>
      <ownerid><![CDATA[]]></ownerid>
      <waitForRecording><![CDATA[]]></waitForRecording>
      <hideTopBar><![CDATA[false]]></hideTopBar>
      <allowRecording><![CDATA[]]></allowRecording>
      <isDemoRoom><![CDATA[false]]></isDemoRoom>
      <demoTime><![CDATA[null]]></demoTime>
      <isModeratedRoom><![CDATA[false]]></isModeratedRoom>
      <allowUserQuestions><![CDATA[true]]></allowUserQuestions>
      <isAudioOnly><![CDATA[false]]></isAudioOnly>
      <sipNumber><![CDATA[]]></sipNumber>
      <conferencePin><![CDATA[]]></conferencePin>
      <ispublic><![CDATA[true]]></ispublic>
      <showMicrophoneStatus><![CDATA[false]]></showMicrophoneStatus>
      <hideActionsMenu><![CDATA[false]]></hideActionsMenu>
      <hideActivitiesAndActions><![CDATA[false]]></hideActivitiesAndActions>
      <hideChat><![CDATA[false]]></hideChat>
      <hideFilesExplorer><![CDATA[false]]></hideFilesExplorer>
      <hideScreenSharing><![CDATA[false]]></hideScreenSharing>
      <hideWhiteboard><![CDATA[false]]></hideWhiteboard>
      <isClosed><![CDATA[false]]></isClosed>
      <redirectURL><![CDATA[]]></redirectURL>
      <room_moderators/>
    </room>
    <room>
      <name><![CDATA[public Conference Room]]></name>
      <rooms_id><![CDATA[2]]></rooms_id>
      <deleted><![CDATA[false]]></deleted>
      <comment><![CDATA[]]></comment>
      <numberOfPartizipants><![CDATA[32]]></numberOfPartizipants>
      <appointment><![CDATA[false]]></appointment>
      <externalRoomId><![CDATA[null]]></externalRoomId>
      <externalRoomType><![CDATA[null]]></externalRoomType>
      <roomtypeId><![CDATA[1]]></roomtypeId>
      <ownerid><![CDATA[]]></ownerid>
      <waitForRecording><![CDATA[]]></waitForRecording>
      <hideTopBar><![CDATA[false]]></hideTopBar>
      <allowRecording><![CDATA[]]></allowRecording>
      <isDemoRoom><![CDATA[false]]></isDemoRoom>
      <demoTime><![CDATA[null]]></demoTime>
      <isModeratedRoom><![CDATA[false]]></isModeratedRoom>
      <allowUserQuestions><![CDATA[true]]></allowUserQuestions>
      <isAudioOnly><![CDATA[false]]></isAudioOnly>
      <sipNumber><![CDATA[]]></sipNumber>
      <conferencePin><![CDATA[]]></conferencePin>
      <ispublic><![CDATA[true]]></ispublic>
      <showMicrophoneStatus><![CDATA[false]]></showMicrophoneStatus>
      <hideActionsMenu><![CDATA[false]]></hideActionsMenu>
      <hideActivitiesAndActions><![CDATA[false]]></hideActivitiesAndActions>
      <hideChat><![CDATA[false]]></hideChat>
      <hideFilesExplorer><![CDATA[false]]></hideFilesExplorer>
      <hideScreenSharing><![CDATA[false]]></hideScreenSharing>
      <hideWhiteboard><![CDATA[false]]></hideWhiteboard>
      <isClosed><![CDATA[false]]></isClosed>
      <redirectURL><![CDATA[]]></redirectURL>
      <room_moderators/>
    </room>
    <room>
      <name><![CDATA[public Video Only Room]]></name>
      <rooms_id><![CDATA[3]]></rooms_id>
      <deleted><![CDATA[false]]></deleted>
      <comment><![CDATA[]]></comment>
      <numberOfPartizipants><![CDATA[32]]></numberOfPartizipants>
      <appointment><![CDATA[false]]></appointment>
      <externalRoomId><![CDATA[null]]></externalRoomId>
      <externalRoomType><![CDATA[null]]></externalRoomType>
      <roomtypeId><![CDATA[1]]></roomtypeId>
      <ownerid><![CDATA[]]></ownerid>
      <waitForRecording><![CDATA[]]></waitForRecording>
      <hideTopBar><![CDATA[false]]></hideTopBar>
      <allowRecording><![CDATA[]]></allowRecording>
      <isDemoRoom><![CDATA[false]]></isDemoRoom>
      <demoTime><![CDATA[null]]></demoTime>
      <isModeratedRoom><![CDATA[false]]></isModeratedRoom>
      <allowUserQuestions><![CDATA[true]]></allowUserQuestions>
      <isAudioOnly><![CDATA[false]]></isAudioOnly>
      <sipNumber><![CDATA[]]></sipNumber>
      <conferencePin><![CDATA[]]></conferencePin>
      <ispublic><![CDATA[true]]></ispublic>
      <showMicrophoneStatus><![CDATA[false]]></showMicrophoneStatus>
      <hideActionsMenu><![CDATA[false]]></hideActionsMenu>
      <hideActivitiesAndActions><![CDATA[false]]></hideActivitiesAndActions>
      <hideChat><![CDATA[false]]></hideChat>
      <hideFilesExplorer><![CDATA[false]]></hideFilesExplorer>
      <hideScreenSharing><![CDATA[false]]></hideScreenSharing>
      <hideWhiteboard><![CDATA[false]]></hideWhiteboard>
      <isClosed><![CDATA[false]]></isClosed>
      <redirectURL><![CDATA[]]></redirectURL>
      <room_moderators/>
    </room>
    <room>
      <name><![CDATA[public Video And Whiteboard Room]]></name>
      <rooms_id><![CDATA[4]]></rooms_id>
      <deleted><![CDATA[false]]></deleted>
      <comment><![CDATA[]]></comment>
      <numberOfPartizipants><![CDATA[32]]></numberOfPartizipants>
      <appointment><![CDATA[false]]></appointment>
      <externalRoomId><![CDATA[null]]></externalRoomId>
      <externalRoomType><![CDATA[null]]></externalRoomType>
      <roomtypeId><![CDATA[1]]></roomtypeId>
      <ownerid><![CDATA[]]></ownerid>
      <waitForRecording><![CDATA[]]></waitForRecording>
      <hideTopBar><![CDATA[false]]></hideTopBar>
      <allowRecording><![CDATA[]]></allowRecording>
      <isDemoRoom><![CDATA[false]]></isDemoRoom>
      <demoTime><![CDATA[null]]></demoTime>
      <isModeratedRoom><![CDATA[false]]></isModeratedRoom>
      <allowUserQuestions><![CDATA[true]]></allowUserQuestions>
      <isAudioOnly><![CDATA[false]]></isAudioOnly>
      <sipNumber><![CDATA[]]></sipNumber>
      <conferencePin><![CDATA[]]></conferencePin>
      <ispublic><![CDATA[true]]></ispublic>
      <showMicrophoneStatus><![CDATA[false]]></showMicrophoneStatus>
      <hideActionsMenu><![CDATA[false]]></hideActionsMenu>
      <hideActivitiesAndActions><![CDATA[false]]></hideActivitiesAndActions>
      <hideChat><![CDATA[false]]></hideChat>
      <hideFilesExplorer><![CDATA[false]]></hideFilesExplorer>
      <hideScreenSharing><![CDATA[false]]></hideScreenSharing>
      <hideWhiteboard><![CDATA[false]]></hideWhiteboard>
      <isClosed><![CDATA[false]]></isClosed>
      <redirectURL><![CDATA[]]></redirectURL>
      <room_moderators/>
    </room>
    <room>
      <name><![CDATA[public Restricted Room]]></name>
      <rooms_id><![CDATA[5]]></rooms_id>
      <deleted><![CDATA[false]]></deleted>
      <comment><![CDATA[]]></comment>
      <numberOfPartizipants><![CDATA[100]]></numberOfPartizipants>
      <appointment><![CDATA[false]]></appointment>
      <externalRoomId><![CDATA[null]]></externalRoomId>
      <externalRoomType><![CDATA[null]]></externalRoomType>
      <roomtypeId><![CDATA[3]]></roomtypeId>
      <ownerid><![CDATA[]]></ownerid>
      <waitForRecording><![CDATA[]]></waitForRecording>
      <hideTopBar><![CDATA[false]]></hideTopBar>
      <allowRecording><![CDATA[]]></allowRecording>
      <isDemoRoom><![CDATA[false]]></isDemoRoom>
      <demoTime><![CDATA[null]]></demoTime>
      <isModeratedRoom><![CDATA[false]]></isModeratedRoom>
      <allowUserQuestions><![CDATA[true]]></allowUserQuestions>
      <isAudioOnly><![CDATA[false]]></isAudioOnly>
      <sipNumber><![CDATA[]]></sipNumber>
      <conferencePin><![CDATA[]]></conferencePin>
      <ispublic><![CDATA[true]]></ispublic>
      <showMicrophoneStatus><![CDATA[false]]></showMicrophoneStatus>
      <hideActionsMenu><![CDATA[false]]></hideActionsMenu>
      <hideActivitiesAndActions><![CDATA[false]]></hideActivitiesAndActions>
      <hideChat><![CDATA[false]]></hideChat>
      <hideFilesExplorer><![CDATA[false]]></hideFilesExplorer>
      <hideScreenSharing><![CDATA[false]]></hideScreenSharing>
      <hideWhiteboard><![CDATA[false]]></hideWhiteboard>
      <isClosed><![CDATA[false]]></isClosed>
      <redirectURL><![CDATA[]]></redirectURL>
      <room_moderators/>
    </room>
    <room>
      <name><![CDATA[restricted room with micro option set]]></name>
      <rooms_id><![CDATA[6]]></rooms_id>
      <deleted><![CDATA[false]]></deleted>
      <comment><![CDATA[]]></comment>
      <numberOfPartizipants><![CDATA[100]]></numberOfPartizipants>
      <appointment><![CDATA[false]]></appointment>
      <externalRoomId><![CDATA[null]]></externalRoomId>
      <externalRoomType><![CDATA[null]]></externalRoomType>
      <roomtypeId><![CDATA[3]]></roomtypeId>
      <ownerid><![CDATA[]]></ownerid>
      <waitForRecording><![CDATA[]]></waitForRecording>
      <hideTopBar><![CDATA[false]]></hideTopBar>
      <allowRecording><![CDATA[]]></allowRecording>
      <isDemoRoom><![CDATA[false]]></isDemoRoom>
      <demoTime><![CDATA[null]]></demoTime>
      <isModeratedRoom><![CDATA[false]]></isModeratedRoom>
      <allowUserQuestions><![CDATA[true]]></allowUserQuestions>
      <isAudioOnly><![CDATA[false]]></isAudioOnly>
      <sipNumber><![CDATA[]]></sipNumber>
      <conferencePin><![CDATA[]]></conferencePin>
      <ispublic><![CDATA[true]]></ispublic>
      <showMicrophoneStatus><![CDATA[true]]></showMicrophoneStatus>
      <hideActionsMenu><![CDATA[false]]></hideActionsMenu>
      <hideActivitiesAndActions><![CDATA[false]]></hideActivitiesAndActions>
      <hideChat><![CDATA[false]]></hideChat>
      <hideFilesExplorer><![CDATA[false]]></hideFilesExplorer>
      <hideScreenSharing><![CDATA[false]]></hideScreenSharing>
      <hideWhiteboard><![CDATA[false]]></hideWhiteboard>
      <isClosed><![CDATA[false]]></isClosed>
      <redirectURL><![CDATA[]]></redirectURL>
      <room_moderators/>
    </room>
    <room>
      <name><![CDATA[conference room with micro option set]]></name>
      <rooms_id><![CDATA[7]]></rooms_id>
      <deleted><![CDATA[false]]></deleted>
      <comment><![CDATA[]]></comment>
      <numberOfPartizipants><![CDATA[32]]></numberOfPartizipants>
      <appointment><![CDATA[false]]></appointment>
      <externalRoomId><![CDATA[null]]></externalRoomId>
      <externalRoomType><![CDATA[null]]></externalRoomType>
      <roomtypeId><![CDATA[1]]></roomtypeId>
      <ownerid><![CDATA[]]></ownerid>
      <waitForRecording><![CDATA[]]></waitForRecording>
      <hideTopBar><![CDATA[false]]></hideTopBar>
      <allowRecording><![CDATA[]]></allowRecording>
      <isDemoRoom><![CDATA[false]]></isDemoRoom>
      <demoTime><![CDATA[null]]></demoTime>
      <isModeratedRoom><![CDATA[false]]></isModeratedRoom>
      <allowUserQuestions><![CDATA[true]]></allowUserQuestions>
      <isAudioOnly><![CDATA[false]]></isAudioOnly>
      <sipNumber><![CDATA[]]></sipNumber>
      <conferencePin><![CDATA[]]></conferencePin>
      <ispublic><![CDATA[true]]></ispublic>
      <showMicrophoneStatus><![CDATA[true]]></showMicrophoneStatus>
      <hideActionsMenu><![CDATA[false]]></hideActionsMenu>
      <hideActivitiesAndActions><![CDATA[false]]></hideActivitiesAndActions>
      <hideChat><![CDATA[false]]></hideChat>
      <hideFilesExplorer><![CDATA[false]]></hideFilesExplorer>
      <hideScreenSharing><![CDATA[false]]></hideScreenSharing>
      <hideWhiteboard><![CDATA[false]]></hideWhiteboard>
      <isClosed><![CDATA[false]]></isClosed>
      <redirectURL><![CDATA[]]></redirectURL>
      <room_moderators/>
    </room>
    <room>
      <name><![CDATA[private Conference Room]]></name>
      <rooms_id><![CDATA[8]]></rooms_id>
      <deleted><![CDATA[false]]></deleted>
      <comment><![CDATA[]]></comment>
      <numberOfPartizipants><![CDATA[32]]></numberOfPartizipants>
      <appointment><![CDATA[false]]></appointment>
      <externalRoomId><![CDATA[null]]></externalRoomId>
      <externalRoomType><![CDATA[null]]></externalRoomType>
      <roomtypeId><![CDATA[1]]></roomtypeId>
      <ownerid><![CDATA[]]></ownerid>
      <waitForRecording><![CDATA[]]></waitForRecording>
      <hideTopBar><![CDATA[false]]></hideTopBar>
      <allowRecording><![CDATA[]]></allowRecording>
      <isDemoRoom><![CDATA[false]]></isDemoRoom>
      <demoTime><![CDATA[null]]></demoTime>
      <isModeratedRoom><![CDATA[false]]></isModeratedRoom>
      <allowUserQuestions><![CDATA[true]]></allowUserQuestions>
      <isAudioOnly><![CDATA[false]]></isAudioOnly>
      <sipNumber><![CDATA[]]></sipNumber>
      <conferencePin><![CDATA[]]></conferencePin>
      <ispublic><![CDATA[false]]></ispublic>
      <showMicrophoneStatus><![CDATA[false]]></showMicrophoneStatus>
      <hideActionsMenu><![CDATA[false]]></hideActionsMenu>
      <hideActivitiesAndActions><![CDATA[false]]></hideActivitiesAndActions>
      <hideChat><![CDATA[false]]></hideChat>
      <hideFilesExplorer><![CDATA[false]]></hideFilesExplorer>
      <hideScreenSharing><![CDATA[false]]></hideScreenSharing>
      <hideWhiteboard><![CDATA[false]]></hideWhiteboard>
      <isClosed><![CDATA[false]]></isClosed>
      <redirectURL><![CDATA[]]></redirectURL>
      <room_moderators/>
    </room>
    <room>
      <name><![CDATA[Моя комната для конференций(до 16 польз-лей)]]></name>
      <rooms_id><![CDATA[9]]></rooms_id>
      <deleted><![CDATA[false]]></deleted>
      <comment><![CDATA[My Rooms of ownerId 2]]></comment>
      <numberOfPartizipants><![CDATA[25]]></numberOfPartizipants>
      <appointment><![CDATA[false]]></appointment>
      <externalRoomId><![CDATA[null]]></externalRoomId>
      <externalRoomType><![CDATA[null]]></externalRoomType>
      <roomtypeId><![CDATA[1]]></roomtypeId>
      <ownerid><![CDATA[2]]></ownerid>
      <waitForRecording><![CDATA[]]></waitForRecording>
      <hideTopBar><![CDATA[false]]></hideTopBar>
      <allowRecording><![CDATA[]]></allowRecording>
      <isDemoRoom><![CDATA[false]]></isDemoRoom>
      <demoTime><![CDATA[null]]></demoTime>
      <isModeratedRoom><![CDATA[false]]></isModeratedRoom>
      <allowUserQuestions><![CDATA[true]]></allowUserQuestions>
      <isAudioOnly><![CDATA[false]]></isAudioOnly>
      <sipNumber><![CDATA[]]></sipNumber>
      <conferencePin><![CDATA[]]></conferencePin>
      <ispublic><![CDATA[false]]></ispublic>
      <showMicrophoneStatus><![CDATA[false]]></showMicrophoneStatus>
      <hideActionsMenu><![CDATA[false]]></hideActionsMenu>
      <hideActivitiesAndActions><![CDATA[false]]></hideActivitiesAndActions>
      <hideChat><![CDATA[false]]></hideChat>
      <hideFilesExplorer><![CDATA[false]]></hideFilesExplorer>
      <hideScreenSharing><![CDATA[false]]></hideScreenSharing>
      <hideWhiteboard><![CDATA[false]]></hideWhiteboard>
      <isClosed><![CDATA[false]]></isClosed>
      <redirectURL><![CDATA[]]></redirectURL>
      <room_moderators/>
    </room>
    <room>
      <name><![CDATA[room 2.1]]></name>
      <rooms_id><![CDATA[10]]></rooms_id>
      <deleted><![CDATA[false]]></deleted>
      <comment><![CDATA[test room]]></comment>
      <numberOfPartizipants><![CDATA[25]]></numberOfPartizipants>
      <appointment><![CDATA[false]]></appointment>
      <externalRoomId><![CDATA[null]]></externalRoomId>
      <externalRoomType><![CDATA[null]]></externalRoomType>
      <roomtypeId><![CDATA[4]]></roomtypeId>
      <ownerid><![CDATA[0]]></ownerid>
      <waitForRecording><![CDATA[false]]></waitForRecording>
      <hideTopBar><![CDATA[false]]></hideTopBar>
      <allowRecording><![CDATA[false]]></allowRecording>
      <isDemoRoom><![CDATA[false]]></isDemoRoom>
      <demoTime><![CDATA[null]]></demoTime>
      <isModeratedRoom><![CDATA[false]]></isModeratedRoom>
      <allowUserQuestions><![CDATA[true]]></allowUserQuestions>
      <isAudioOnly><![CDATA[false]]></isAudioOnly>
      <sipNumber><![CDATA[]]></sipNumber>
      <conferencePin><![CDATA[]]></conferencePin>
      <ispublic><![CDATA[false]]></ispublic>
      <showMicrophoneStatus><![CDATA[false]]></showMicrophoneStatus>
      <hideActionsMenu><![CDATA[false]]></hideActionsMenu>
      <hideActivitiesAndActions><![CDATA[false]]></hideActivitiesAndActions>
      <hideChat><![CDATA[false]]></hideChat>
      <hideFilesExplorer><![CDATA[false]]></hideFilesExplorer>
      <hideScreenSharing><![CDATA[false]]></hideScreenSharing>
      <hideWhiteboard><![CDATA[false]]></hideWhiteboard>
      <isClosed><![CDATA[false]]></isClosed>
      <redirectURL><![CDATA[]]></redirectURL>
      <room_moderators/>
    </room>
  </rooms>
</root>
