<?xml version="1.0" encoding="UTF-8"?>

<!--###############################################
This File is auto-generated by the Backup Tool 
you should use the BackupPanel to modify or change this file 
see http://incubator.apache.org/openmeetings/Upgrade.html for Details 
###############################################-->
<root>
  <usercontacts>
    <usercontact>
      <userContactId><![CDATA[1]]></userContactId>
      <hash><![CDATA[754af12a86cecc9110086ae4d2ed2fe3]]></hash>
      <contact><![CDATA[1]]></contact>
      <owner><![CDATA[2]]></owner>
      <pending><![CDATA[true]]></pending>
      <shareCalendar><![CDATA[null]]></shareCalendar>
    </usercontact>
  </usercontacts>
</root>
