<?xml version="1.0" encoding="UTF-8"?>

<!--###############################################
This File is auto-generated by the Backup Tool 
you should use the BackupPanel to modify or change this file 
see http://code.google.com/p/openmeetings/wiki/BackupPanel for Details 
###############################################-->
<root>
  <privatemessages>
    <privatemessage>
      <privateMessageId><![CDATA[1]]></privateMessageId>
      <message><![CDATA[Здравствуйте, firstname lastname<br/><br/>Василий Дегтярев хочет добавить вас в список контактов.<br/>Проверьте запросы вашего контакта в OpenMeetings или пойдите по этой ссылке, чтобы on принять или отклонить запрос<br/>]]></message>
      <subject><![CDATA[Василий Дегтярев хочет добавить вас в список контактов.]]></subject>
      <privateMessageFolderId><![CDATA[0]]></privateMessageFolderId>
      <userContactId><![CDATA[1]]></userContactId>
      <parentMessage><![CDATA[0]]></parentMessage>
      <bookedRoom><![CDATA[false]]></bookedRoom>
      <from><![CDATA[2]]></from>
      <to><![CDATA[1]]></to>
      <inserted><![CDATA[1360210374000]]></inserted>
      <isContactRequest><![CDATA[true]]></isContactRequest>
      <isRead><![CDATA[true]]></isRead>
      <isTrash><![CDATA[false]]></isTrash>
      <owner><![CDATA[1]]></owner>
      <room><![CDATA[0]]></room>
    </privatemessage>
    <privatemessage>
      <privateMessageId><![CDATA[2]]></privateMessageId>
      <message><![CDATA[Здравствуйте, Василий Дегтярев<br/><br/>firstname lastname подтвердил вас как контакт!]]></message>
      <subject><![CDATA[Василий Дегтярев подтвердил вас как контакт!]]></subject>
      <privateMessageFolderId><![CDATA[0]]></privateMessageFolderId>
      <userContactId><![CDATA[0]]></userContactId>
      <parentMessage><![CDATA[0]]></parentMessage>
      <bookedRoom><![CDATA[false]]></bookedRoom>
      <from><![CDATA[1]]></from>
      <to><![CDATA[2]]></to>
      <inserted><![CDATA[1360210456000]]></inserted>
      <isContactRequest><![CDATA[false]]></isContactRequest>
      <isRead><![CDATA[true]]></isRead>
      <isTrash><![CDATA[false]]></isTrash>
      <owner><![CDATA[2]]></owner>
      <room><![CDATA[0]]></room>
    </privatemessage>
    <privatemessage>
      <privateMessageId><![CDATA[3]]></privateMessageId>
      <message><![CDATA[Peivate message]]></message>
      <subject><![CDATA[Private message]]></subject>
      <privateMessageFolderId><![CDATA[0]]></privateMessageFolderId>
      <userContactId><![CDATA[0]]></userContactId>
      <parentMessage><![CDATA[0]]></parentMessage>
      <bookedRoom><![CDATA[false]]></bookedRoom>
      <from><![CDATA[1]]></from>
      <to><![CDATA[2]]></to>
      <inserted><![CDATA[1360210570000]]></inserted>
      <isContactRequest><![CDATA[false]]></isContactRequest>
      <isRead><![CDATA[false]]></isRead>
      <isTrash><![CDATA[false]]></isTrash>
      <owner><![CDATA[1]]></owner>
      <room><![CDATA[0]]></room>
    </privatemessage>
    <privatemessage>
      <privateMessageId><![CDATA[4]]></privateMessageId>
      <message><![CDATA[Peivate message]]></message>
      <subject><![CDATA[Private message]]></subject>
      <privateMessageFolderId><![CDATA[1]]></privateMessageFolderId>
      <userContactId><![CDATA[0]]></userContactId>
      <parentMessage><![CDATA[0]]></parentMessage>
      <bookedRoom><![CDATA[false]]></bookedRoom>
      <from><![CDATA[1]]></from>
      <to><![CDATA[2]]></to>
      <inserted><![CDATA[1360210570000]]></inserted>
      <isContactRequest><![CDATA[false]]></isContactRequest>
      <isRead><![CDATA[true]]></isRead>
      <isTrash><![CDATA[false]]></isTrash>
      <owner><![CDATA[2]]></owner>
      <room><![CDATA[0]]></room>
    </privatemessage>
  </privatemessages>
</root>
