<?xml version="1.0" encoding="UTF-8"?>

<!--###############################################
This File is auto-generated by the Backup Tool 
you should use the BackupPanel to modify or change this file 
see http://code.google.com/p/openmeetings/wiki/BackupPanel for Details 
###############################################-->
<root>
  <users>
    <user>
      <user_id><![CDATA[1]]></user_id>
      <deleted><![CDATA[false]]></deleted>
      <age><![CDATA[06.02.2013]]></age>
      <availible><![CDATA[1]]></availible>
      <deleted><![CDATA[false]]></deleted>
      <firstname><![CDATA[firstname]]></firstname>
      <lastname><![CDATA[lastname]]></lastname>
      <login><![CDATA[admin]]></login>
      <pass><![CDATA[827ccb0eea8a706c4c34a16891f84e7b]]></pass>
      <activatehash><![CDATA[6329ac8b2e82ba90b563760d68522210]]></activatehash>
      <externalUserType><![CDATA[]]></externalUserType>
      <externalUserId><![CDATA[]]></externalUserId>
      <resethash><![CDATA[]]></resethash>
      <userOffers><![CDATA[]]></userOffers>
      <userSearchs><![CDATA[]]></userSearchs>
      <forceTimeZoneCheck><![CDATA[false]]></forceTimeZoneCheck>
      <lasttrans><![CDATA[0]]></lasttrans>
      <showContactData><![CDATA[false]]></showContactData>
      <showContactDataToContacts><![CDATA[true]]></showContactDataToContacts>
      <pictureuri><![CDATA[]]></pictureuri>
      <language_id><![CDATA[9]]></language_id>
      <status><![CDATA[1]]></status>
      <regdate><![CDATA[1360148345000]]></regdate>
      <title_id><![CDATA[1]]></title_id>
      <level_id><![CDATA[3]]></level_id>
      <omTimeZone><![CDATA[Etc/GMT+6]]></omTimeZone>
      <additionalname><![CDATA[no]]></additionalname>
      <comment><![CDATA[]]></comment>
      <fax><![CDATA[fax]]></fax>
      <state_id><![CDATA[1]]></state_id>
      <street><![CDATA[street]]></street>
      <town><![CDATA[town]]></town>
      <zip><![CDATA[zip]]></zip>
      <mail><![CDATA[user1@server1.com]]></mail>
      <phone><![CDATA[phone]]></phone>
      <sip_username><![CDATA[]]></sip_username>
      <sip_userpass><![CDATA[]]></sip_userpass>
      <sip_authid><![CDATA[]]></sip_authid>
      <organisations>
        <user_organisation>
          <organisation_id><![CDATA[1]]></organisation_id>
          <deleted><![CDATA[false]]></deleted>
          <user_id><![CDATA[1]]></user_id>
          <isModerator><![CDATA[null]]></isModerator>
          <comment><![CDATA[]]></comment>
        </user_organisation>
      </organisations>
    </user>
    <user>
      <user_id><![CDATA[2]]></user_id>
      <deleted><![CDATA[false]]></deleted>
      <age><![CDATA[06.02.2013]]></age>
      <availible><![CDATA[0]]></availible>
      <deleted><![CDATA[false]]></deleted>
      <firstname><![CDATA[Василий]]></firstname>
      <lastname><![CDATA[Дегтярев]]></lastname>
      <login><![CDATA[vasya]]></login>
      <pass><![CDATA[827ccb0eea8a706c4c34a16891f84e7b]]></pass>
      <activatehash><![CDATA[4fc629e88d0f696d8e88903d6f5d9ea5]]></activatehash>
      <externalUserType><![CDATA[]]></externalUserType>
      <externalUserId><![CDATA[]]></externalUserId>
      <resethash><![CDATA[]]></resethash>
      <userOffers><![CDATA[]]></userOffers>
      <userSearchs><![CDATA[]]></userSearchs>
      <forceTimeZoneCheck><![CDATA[false]]></forceTimeZoneCheck>
      <lasttrans><![CDATA[0]]></lasttrans>
      <showContactData><![CDATA[false]]></showContactData>
      <showContactDataToContacts><![CDATA[false]]></showContactDataToContacts>
      <pictureuri><![CDATA[Mutedialog.jpg]]></pictureuri>
      <language_id><![CDATA[9]]></language_id>
      <status><![CDATA[1]]></status>
      <regdate><![CDATA[1360149013000]]></regdate>
      <title_id><![CDATA[1]]></title_id>
      <level_id><![CDATA[3]]></level_id>
      <omTimeZone><![CDATA[Etc/GMT+7]]></omTimeZone>
      <additionalname><![CDATA[]]></additionalname>
      <comment><![CDATA[]]></comment>
      <fax><![CDATA[]]></fax>
      <state_id><![CDATA[176]]></state_id>
      <street><![CDATA[]]></street>
      <town><![CDATA[]]></town>
      <zip><![CDATA[]]></zip>
      <mail><![CDATA[user2@server2.com]]></mail>
      <phone><![CDATA[]]></phone>
      <sip_username><![CDATA[]]></sip_username>
      <sip_userpass><![CDATA[]]></sip_userpass>
      <sip_authid><![CDATA[]]></sip_authid>
      <organisations>
        <user_organisation>
          <organisation_id><![CDATA[1]]></organisation_id>
          <deleted><![CDATA[false]]></deleted>
          <user_id><![CDATA[2]]></user_id>
          <isModerator><![CDATA[null]]></isModerator>
          <comment><![CDATA[]]></comment>
        </user_organisation>
      </organisations>
    </user>
  </users>
</root>
