<?xml version="1.0" encoding="UTF-8"?>

<!--###############################################
This File is auto-generated by the Backup Tool 
you should use the BackupPanel to modify or change this file 
see http://code.google.com/p/openmeetings/wiki/BackupPanel for Details 
###############################################-->
<root>
  <usercontacts>
    <usercontact>
      <userContactId><![CDATA[1]]></userContactId>
      <hash><![CDATA[0fc18553d7fe49e7ee028c7fc8d4d929]]></hash>
      <contact><![CDATA[1]]></contact>
      <owner><![CDATA[2]]></owner>
      <pending><![CDATA[false]]></pending>
      <shareCalendar><![CDATA[null]]></shareCalendar>
    </usercontact>
    <usercontact>
      <userContactId><![CDATA[2]]></userContactId>
      <hash><![CDATA[]]></hash>
      <contact><![CDATA[2]]></contact>
      <owner><![CDATA[1]]></owner>
      <pending><![CDATA[false]]></pending>
      <shareCalendar><![CDATA[true]]></shareCalendar>
    </usercontact>
  </usercontacts>
</root>
